MEMORY
  total           16330 KB
  struct            159 KB
  buffer            811 KB
  arena           15360 KB, used 0.6%

SIZES
  narena                15728640
  nbuffer               830736
  nplugin               0
  maxuse_stack          14704
  maxuse_arena          92464
  maxuse_con            8
  maxuse_efc            61
  ncon                  6
  ne                    0
  nf                    29
  nl                    0
  nefc                  53
  nJ                    1855
  nA                    0
  nisland               1
  nidof                 35
  ntree_awake           1
  nbody_awake           31
  nparent_awake         30
  nv_awake              35
  flg_energypos         0
  flg_energyvel         0
  flg_subtreevel        0
  flg_rnepost           1
  threadpool            0

TIMER
    0:  duration =  0.46       number = 1
    1:  duration =  0.46       number = 1
    2:  duration =  0          number = 0
    3:  duration =  0.35       number = 1
    4:  duration =  0.015      number = 1
    5:  duration =  0.0036     number = 1
    6:  duration =  0.076      number = 1
    7:  duration =  0.0062     number = 1
    8:  duration =  0.022      number = 1
    9:  duration =  0.0073     number = 1
    10:  duration =  0.27       number = 1
    11:  duration =  0.049      number = 1
    12:  duration =  0.00024    number = 1
    13:  duration =  0.013      number = 1
    14:  duration =  0.21       number = 1

SOLVER STAT
  solver_fwdinv =   0         0       
  ISLAND 0
    solver_niter = 4
    solver_nnz = 1225
      0:  improvement =  1.2e+04     gradient =  6.4         lineslope =  0       
          nactive = 53   nchange = 34   neval = 3   nupdate = 12
      1:  improvement =  66          gradient =  0.01        lineslope =  0       
          nactive = 53   nchange = 2   neval = 3   nupdate = 1
      2:  improvement =  0.053       gradient =  0.0021      lineslope =  0       
          nactive = 53   nchange = 1   neval = 3   nupdate = 0
      3:  improvement =  0.0021      gradient =  9.6e-16     lineslope =  0       
          nactive = 53   nchange = 0   neval = 2   nupdate = 0

ENERGY =   0         0       

TIME =  11      

QPOS
   0.027   
  -2.8e-05 
   0.79    
   1       
   3.1e-05 
   0.022   
  -0.00017 
  -0.009   
   0.00036 
   6.5e-05 
  -0.015   
  -0.018   
  -0.00019 
  -0.009   
  -0.00039 
  -3.6e-05 
  -0.015   
  -0.018   
   0.00028 
   4e-05   
   0.00014 
   0.015   
   0.0049  
   0.0005  
  -0.03    
   0.027   
  -0.047   
   0.1     
   0.033   
   0.0049  
  -0.0007  
   0.032   
   0.027   
   0.047   
   0.1     
  -0.033   

QVEL
   0.025   
   0.0085  
  -0.013   
  -0.13    
   0.34    
   0.0042  
  -0.39    
   0.14    
  -0.034   
   0.1     
  -0.13    
   0.00032 
  -0.38    
   0.14    
  -0.035   
   0.053   
   0.02    
  -0.0038  
  -0.0062  
   0.18    
  -0.42    
   0.55    
   0.86    
  -1.9     
  -1.5     
   3.9     
   1.9     
   2.7     
   0.56    
  -0.97    
   1.9     
  -1.4     
  -3.9     
   1.5     
  -2.7     

QACC_WARMSTART
   29      
   4.7     
  -14      
  -72      
   4.5e+02 
   7.4     
  -5.4e+02 
   76      
  -24      
   1.5e+02 
  -2.4e+02 
  -6.7     
  -5.2e+02 
   76      
  -21      
   1.1e+02 
  -60      
  -6.4     
  -4.5     
   93      
  -5.8e+02 
   6.2e+02 
   1.1e+03 
  -2.5e+03 
  -2.1e+03 
   5.3e+03 
   3.6e+03 
   5.4e+03 
   6.2e+02 
  -1.1e+03 
   2.5e+03 
  -2.1e+03 
  -5.3e+03 
   3.3e+03 
  -5.4e+03 

CTRL
  -4       
  -0.12    
   0.014   
   6.7     
   6.1     
   0.052   
  -4       
   0.16    
  -0.054   
   6.8     
   6.3     
  -0.035   
  -0.0038  
  -0.061   
  -15      
   9.3     
   19      
  -27      
  -45      
   1e+02   
   2.7     
   42      
   9.1     
  -19      
   26      
  -45      
  -1e+02   
   1.7     
  -42      

QFRC_APPLIED
   0       
   0       
   0       
   0       
   0       
   0       
   0       
   0       
   0       
   0       
   0       
   0       
   0       
   0       
   0       
   0       
   0       
   0       
   0       
   0       
   0       
   0       
   0       
   0       
   0       
   0       
   0       
   0       
   0       
   0       
   0       
   0       
   0       
   0       
   0       

XFRC_APPLIED
   0         0         0         0         0         0       
   0         0         0         0         0         0       
   0         0         0         0         0         0       
   0         0         0         0         0         0       
   0         0         0         0         0         0       
   0         0         0         0         0         0       
   0         0         0         0         0         0       
   0         0         0         0         0         0       
   0         0         0         0         0         0       
   0         0         0         0         0         0       
   0         0         0         0         0         0       
   0         0         0         0         0         0       
   0         0         0         0         0         0       
   0         0         0         0         0         0       
   0         0         0         0         0         0       
   0         0         0         0         0         0       
   0         0         0         0         0         0       
   0         0         0         0         0         0       
   0         0         0         0         0         0       
   0         0         0         0         0         0       
   0         0         0         0         0         0       
   0         0         0         0         0         0       
   0         0         0         0         0         0       
   0         0         0         0         0         0       
   0         0         0         0         0         0       
   0         0         0         0         0         0       
   0         0         0         0         0         0       
   0         0         0         0         0         0       
   0         0         0         0         0         0       
   0         0         0         0         0         0       
   0         0         0         0         0         0       

QACC
   29      
   4.7     
  -14      
  -72      
   4.5e+02 
   7.4     
  -5.4e+02 
   76      
  -24      
   1.5e+02 
  -2.4e+02 
  -6.7     
  -5.2e+02 
   76      
  -21      
   1.1e+02 
  -60      
  -6.4     
  -4.5     
   93      
  -5.8e+02 
   6.2e+02 
   1.1e+03 
  -2.5e+03 
  -2.1e+03 
   5.3e+03 
   3.6e+03 
   5.4e+03 
   6.2e+02 
  -1.1e+03 
   2.5e+03 
  -2.1e+03 
  -5.3e+03 
   3.3e+03 
  -5.4e+03 

SENSOR
   0.0045  
   0.083   
  -0.0054  
   36      
   3.7     
  -5       
  -0.0029  
  -0.33    
  -0.0045  
  -8.4     
  -0.89    
  -23      

TREE_ASLEEP
  -11

XPOS
   0         0         0       
   0.027    -4.5e-05   0.79    
   0.022     0.064     0.69    
   0.021     0.12      0.66    
   0.063     0.12      0.54    
   0.01      0.12      0.35    
   0.0037    0.12      0.052   
   0.0036    0.12      0.035   
   0.022    -0.064     0.69    
   0.021    -0.12      0.66    
   0.063    -0.12      0.54    
   0.0099   -0.12      0.35    
   0.0036   -0.12      0.052   
   0.0036   -0.12      0.035   
   0.027    -4.5e-05   0.79    
   0.024    -5.6e-05   0.83    
   0.025    -5.8e-05   0.85    
   0.043     0.1       1.1     
   0.043     0.14      1.1     
   0.037     0.15      0.98    
   0.047     0.15      0.9     
   0.15      0.15      0.88    
   0.18      0.14      0.87    
   0.23      0.14      0.86    
   0.043    -0.1       1.1     
   0.043    -0.14      1.1     
   0.036    -0.15      0.98    
   0.047    -0.15      0.9     
   0.15     -0.15      0.88    
   0.18     -0.14      0.87    
   0.23     -0.14      0.86    

XQUAT
   1         0         0         0       
   1         0.00016   0.022    -0.00018 
   1         0.00016   0.018    -0.00018 
   1         0.00019  -0.069    -0.00019 
   1         0.00018  -0.069    -0.00012 
   1         0.00019   0.011    -0.00011 
   1         0.00019   0.002    -0.00011 
   1         9.7e-05   0.002    -0.00011 
   1         0.00016   0.018    -0.00018 
   1        -0.00019  -0.069    -0.00022 
   1        -0.00019  -0.069    -0.0002  
   1        -0.00017   0.011    -0.00021 
   1        -0.00017   0.0016   -0.00021 
   1        -3.1e-05   0.0016   -0.00021 
   1         0.00016   0.022    -0.00015 
   1         5.7e-05   0.022    -0.00015 
   1         5.8e-05   0.03     -0.00015 
   0.99      0.14      0.032    -0.0042  
   1        -0.00051   0.032     0.0003  
   1        -0.00093   0.032    -0.013   
   1        -0.00074   0.047    -0.013   
   1        -0.028     0.047    -0.011   
   0.99     -0.028     0.096    -0.013   
   0.99     -0.026     0.097     0.0012  
   0.99     -0.14      0.032     0.0039  
   1         0.00063   0.032    -0.00059 
   1         0.0011    0.032     0.014   
   1         0.00088   0.047     0.014   
   1         0.028     0.047     0.012   
   0.99      0.028     0.097     0.014   
   0.99      0.026     0.097    -9.7e-05 

XMAT
   1         0         0         0         1         0         0         0         1       
   1         0.00036   0.044    -0.00035   1        -0.00033  -0.044     0.00032   1       
   1         0.00036   0.036    -0.00035   1        -0.00033  -0.036     0.00032   1       
   0.99      0.00035  -0.14     -0.0004    1        -0.00035   0.14      0.0004    0.99    
   0.99      0.00022  -0.14     -0.00027   1        -0.00035   0.14      0.00038   0.99    
   1         0.00022   0.021    -0.00021   1        -0.00038  -0.021     0.00038   1       
   1         0.00022   0.0039   -0.00022   1        -0.00038  -0.0039    0.00038   1       
   1         0.00022   0.0039   -0.00022   1        -0.00019  -0.0039    0.00019   1       
   1         0.00036   0.036    -0.00035   1        -0.00033  -0.036     0.00032   1       
   0.99      0.00046  -0.14     -0.0004    1         0.0004    0.14     -0.00034   0.99    
   0.99      0.00042  -0.14     -0.00037   1         0.0004    0.14     -0.00035   0.99    
   1         0.00042   0.021    -0.00043   1         0.00034  -0.021    -0.00035   1       
   1         0.00042   0.0033   -0.00042   1         0.00034  -0.0033   -0.00035   1       
   1         0.00042   0.0033   -0.00042   1         6e-05    -0.0033   -6.2e-05   1       
   1         0.00031   0.044    -0.0003    1        -0.00033  -0.044     0.00032   1       
   1         0.0003    0.044    -0.0003    1        -0.00012  -0.044     0.00011   1       
   1         0.0003    0.06     -0.0003    1        -0.00012  -0.06      0.00011   1       
   1         0.017     0.062     0.00056   0.96     -0.28     -0.064     0.28      0.96    
   1        -0.00062   0.064     0.00056   1         0.001    -0.064    -0.001     1       
   1         0.025     0.064    -0.026     1         0.001    -0.064    -0.0027    1       
   1         0.025     0.094    -0.026     1         0.00027  -0.094    -0.0027    1       
   1         0.02      0.095    -0.026     1         0.055    -0.094    -0.057     0.99    
   0.98      0.02      0.19     -0.031     1         0.052    -0.19     -0.057     0.98    
   0.98     -0.0074    0.19     -0.0028    1         0.052    -0.19     -0.052     0.98    
   1        -0.017     0.062    -0.0011    0.96      0.28     -0.064    -0.28      0.96    
   1         0.0012    0.064    -0.0011    1        -0.0013   -0.064     0.0012    1       
   1        -0.027     0.064     0.027     1        -0.0013   -0.064     0.0031    1       
   1        -0.027     0.094     0.027     1        -0.00048  -0.094     0.0031    1       
   1        -0.022     0.095     0.027     1        -0.055    -0.094     0.058     0.99    
   0.98     -0.022     0.19      0.033     1        -0.052    -0.19      0.058     0.98    
   0.98      0.0053    0.19      0.0049    1        -0.052    -0.19      0.052     0.98    

XIPOS
   0         0         0       
   0.023    -2e-05     0.72    
   0.024     0.11      0.66    
   0.063     0.12      0.58    
   0.027     0.11      0.38    
   0.013     0.12      0.23    
  -0.0035    0.12      0.064   
   0.03      0.12      0.018   
   0.024    -0.11      0.66    
   0.063    -0.12      0.58    
   0.027    -0.11      0.38    
   0.013    -0.12      0.23    
  -0.0036   -0.12      0.063   
   0.03     -0.12      0.018   
   0.031    -5.3e-05   0.81    
   0.025    -0.00029   0.84    
   0.039     0.00018   1       
   0.043     0.14      1.1     
   0.039     0.15      1       
   0.043     0.14      0.9     
   0.11      0.15      0.88    
   0.16      0.15      0.87    
   0.21      0.14      0.87    
   0.3       0.14      0.85    
   0.043    -0.14      1.1     
   0.039    -0.15      1       
   0.043    -0.14      0.9     
   0.11     -0.15      0.88    
   0.16     -0.15      0.87    
   0.21     -0.14      0.87    
   0.3      -0.14      0.85    

XIMAT
   1         0         0         0         1         0         0         0         1       
   1         0.00036   0.043    -0.00035   1        -0.00033  -0.043     0.00032   1       
   0.99     -0.019     0.1       0.075     0.83     -0.56     -0.076     0.56      0.82    
   0.96      0.081     0.27     -0.079     1        -0.017    -0.27     -0.0051    0.96    
  -0.22     -0.9       0.38      0.97     -0.18      0.15     -0.062     0.41      0.91    
   0.71     -0.71      0.025     0.7       0.71      0.072    -0.069    -0.033     1       
   0.00022  -0.45      0.89      1        -0.00024  -0.00037   0.00038   0.89      0.45    
   0.065    -0.00047   1        -0.0018   -1        -0.00035   1        -0.0017   -0.065   
   0.99      0.02      0.11     -0.076     0.83      0.56     -0.076    -0.56      0.82    
   0.96     -0.08      0.27      0.078     1         0.017    -0.27      0.0052    0.96    
   0.22     -0.9       0.38      0.97      0.18     -0.15      0.062     0.41      0.91    
   0.71      0.71      0.016    -0.71      0.71     -0.072    -0.062     0.04      1       
   0.00042  -0.45      0.89      1         0.0005   -0.00022  -0.00035   0.89      0.45    
   0.065    -0.00018   1         0.0016   -1        -0.00028   1         0.0016   -0.065   
  -0.17      0.064     0.98      0.0075   -1         0.066     0.99      0.018     0.17    
   1         0.0021    0.044    -0.0003    1        -0.041    -0.044     0.041     1       
   1         0.0079    0.096    -0.0078    1        -0.001    -0.096     0.00027   1       
  -0.1      -0.92     -0.37      0.73      0.18     -0.66      0.68     -0.33      0.65    
  -0.017    -1         0.026     1        -0.017     0.018    -0.018     0.026     1       
   0.069    -0.98     -0.17      1         0.062     0.052    -0.041    -0.17      0.98    
   0.42      0.16      0.89      0.9      -0.11     -0.41      0.033     0.98     -0.2     
   0.096    -0.94     -0.34      0.055     0.35     -0.94      0.99      0.071     0.084   
   0.15      0.19      0.97      0.74     -0.67      0.013     0.65      0.72     -0.24    
   0.074     0.18      0.98      1         0.012    -0.078    -0.026     0.98     -0.18    
   0.1      -0.92     -0.37      0.73     -0.18      0.66     -0.68     -0.33      0.65    
   0.018    -1         0.026     1         0.018    -0.019     0.018     0.026     1       
  -0.071    -0.98     -0.17      1        -0.063    -0.052     0.041    -0.17      0.98    
  -0.43      0.16      0.89      0.9       0.11      0.41     -0.032     0.98     -0.2     
   0.096    -0.93      0.34     -0.055    -0.35     -0.94      0.99      0.071    -0.085   
  -0.15      0.19      0.97      0.74      0.67     -0.011    -0.65      0.72     -0.24    
  -0.077     0.18      0.98      1        -0.012     0.08      0.026     0.98     -0.18    

XANCHOR
   0.027    -4.5e-05   0.79    
   0.022     0.064     0.69    
   0.021     0.12      0.66    
   0.063     0.12      0.54    
   0.01      0.12      0.35    
   0.0037    0.12      0.052   
   0.0036    0.12      0.035   
   0.022    -0.064     0.69    
   0.021    -0.12      0.66    
   0.063    -0.12      0.54    
   0.0099   -0.12      0.35    
   0.0036   -0.12      0.052   
   0.0036   -0.12      0.035   
   0.027    -4.5e-05   0.79    
   0.024    -5.6e-05   0.83    
   0.025    -5.8e-05   0.85    
   0.043     0.1       1.1     
   0.043     0.14      1.1     
   0.037     0.15      0.98    
   0.047     0.15      0.9     
   0.15      0.15      0.88    
   0.18      0.14      0.87    
   0.23      0.14      0.86    
   0.043    -0.1       1.1     
   0.043    -0.14      1.1     
   0.036    -0.15      0.98    
   0.047    -0.15      0.9     
   0.15     -0.15      0.88    
   0.18     -0.14      0.87    
   0.23     -0.14      0.86    

XAXIS
   0         0         1       
   0.00036   1         0.00032 
   0.99     -0.0004    0.14    
  -0.14     -0.00035   0.99    
   0.00022   1         0.00038 
   0.00022   1         0.00038 
   1        -0.00022  -0.0039  
   0.00036   1         0.00032 
   0.99     -0.0004    0.14    
  -0.14      0.0004    0.99    
   0.00042   1        -0.00035 
   0.00042   1        -0.00035 
   1        -0.00042  -0.0033  
   0.044    -0.00033   1       
   1        -0.0003   -0.044   
   0.0003    1         0.00011 
   0.017     0.96      0.28    
   1         0.00056  -0.064   
   0.064     0.001     1       
   0.025     1        -0.0027  
   1        -0.026    -0.094   
   0.02      1        -0.057   
   0.19      0.052     0.98    
  -0.017     0.96     -0.28    
   1        -0.0011   -0.064   
   0.064    -0.0013    1       
  -0.027     1         0.0031  
   1         0.027    -0.094   
  -0.022     1         0.058   
   0.19     -0.052     0.98    

GEOM_XPOS
   0         0         0       
   0         6         1.5     
   0        -6         1.5     
   6         0         1.5     
  -6         0         1.5     
  -2.5       2         1       
   2.5       0         1       
  -2.5      -2.5       0.75    
  -2.5      -2.5       0.37    
   0         5         0.8     
  -1.1       5         0.4     
   1.1       5         0.4     
  -0.3       5         0.87    
   0         5         0.87    
   0.3       5         0.87    
   0.023    -2.1e-05   0.71    
   0.024     4.5e-06   0.71    
   0.024     4.5e-06   0.71    
   0.02      0.11      0.66    
   0.02      0.11      0.66    
   0.066     0.12      0.6     
   0.066     0.12      0.6     
   0.045     0.11      0.44    
   0.045     0.11      0.44    
   0.02      0.12      0.23    
   0.02      0.12      0.23    
  -0.00046   0.12      0.044   
  -0.00046   0.12      0.044   
   0.03      0.12      0.021   
  -0.047     0.14      0.005   
  -0.047     0.094     0.005   
   0.12      0.15      0.0043  
   0.12      0.089     0.0043  
   0.02     -0.11      0.66    
   0.02     -0.11      0.66    
   0.066    -0.12      0.6     
   0.066    -0.12      0.6     
   0.045    -0.11      0.44    
   0.045    -0.11      0.44    
   0.02     -0.12      0.23    
   0.02     -0.12      0.23    
  -0.0005   -0.12      0.044   
  -0.0005   -0.12      0.044   
   0.03     -0.12      0.021   
  -0.047    -0.094     0.0049  
  -0.047    -0.14      0.0049  
   0.12     -0.089     0.0043  
   0.12     -0.15      0.0043  
   0.032    -5.2e-05   0.81    
   0.025    -5.7e-05   0.83    
   0.038     0.002     0.98    
   0.038     0.002     0.98    
   0.041     0.001     1.1     
   0.041     0.001     1.1     
   0.055    -8.2e-05   1.2     
   0.055    -8.2e-05   1.2     
   0.027     2.4e-05   0.82    
   0.027     2.4e-05   0.82    
   0.043     0.14      1.1     
   0.043     0.14      1.1     
   0.041     0.15      1       
   0.036     0.15      1       
   0.041     0.14      0.93    
   0.041     0.14      0.93    
   0.1       0.15      0.88    
   0.1       0.15      0.88    
   0.16      0.14      0.87    
   0.16      0.14      0.87    
   0.21      0.14      0.87    
   0.21      0.14      0.87    
   0.25      0.14      0.86    
   0.25      0.14      0.86    
   0.33      0.14      0.85    
   0.043    -0.14      1.1     
   0.043    -0.14      1.1     
   0.041    -0.15      1       
   0.036    -0.15      1       
   0.041    -0.14      0.93    
   0.041    -0.14      0.93    
   0.1      -0.15      0.88    
   0.1      -0.15      0.88    
   0.16     -0.14      0.87    
   0.16     -0.14      0.87    
   0.21     -0.14      0.87    
   0.21     -0.14      0.87    
   0.25     -0.14      0.86    
   0.25     -0.14      0.86    
   0.33     -0.14      0.85    

GEOM_XMAT
   1         0         0         0         1         0         0         0         1       
   1         0         0         0         1         0         0         0         1       
   1         0         0         0         1         0         0         0         1       
   1         0         0         0         1         0         0         0         1       
   1         0         0         0         1         0         0         0         1       
   1         0         0         0         1         0         0         0         1       
   1         0         0         0         1         0         0         0         1       
   1         0         0         0         1         0         0         0         1       
   1         0         0         0         1         0         0         0         1       
   1         0         0         0         1         0         0         0         1       
   1         0         0         0         1         0         0         0         1       
   1         0         0         0         1         0         0         0         1       
   1         0         0         0         1         0         0         0         1       
   1         0         0         0         1         0         0         0         1       
   1         0         0         0         1         0         0         0         1       
   1         0.00036   0.044    -0.00034   1        -0.00049  -0.044     0.00048   1       
  -0.00027   0.021     1         1         0.0013    0.00024  -0.0013    1        -0.021   
  -0.00027   0.021     1         1         0.0013    0.00024  -0.0013    1        -0.021   
   0.99     -0.13     -0.016     0.094     0.79     -0.6       0.091     0.6       0.8     
   0.99     -0.13     -0.016     0.094     0.79     -0.6       0.091     0.6       0.8     
   0.98      0.014     0.21     -0.015     1         0.0047   -0.21     -0.0078    0.98    
   0.98      0.014     0.21     -0.015     1         0.0047   -0.21     -0.0078    0.98    
  -0.058    -0.95      0.32      1        -0.048     0.041    -0.024     0.32      0.95    
  -0.058    -0.95      0.32      1        -0.048     0.041    -0.024     0.32      0.95    
   0.15     -0.99      0.048     0.99      0.15      0.059    -0.065     0.038     1       
   0.15     -0.99      0.048     0.99      0.15      0.059    -0.065     0.038     1       
   0.00022  -0.83      0.56      1        -2.9e-05  -0.00044   0.00038   0.56      0.83    
   0.00022  -0.83      0.56      1        -2.9e-05  -0.00044   0.00038   0.56      0.83    
   0.085    -0.00052   1        -0.0021   -1        -0.00035   1        -0.002    -0.085   
   1         0.00022   0.0039   -0.00022   1        -0.00019  -0.0039    0.00019   1       
   1         0.00022   0.0039   -0.00022   1        -0.00019  -0.0039    0.00019   1       
   1         0.00022   0.0039   -0.00022   1        -0.00019  -0.0039    0.00019   1       
   1         0.00022   0.0039   -0.00022   1        -0.00019  -0.0039    0.00019   1       
   0.99      0.13     -0.015    -0.095     0.79      0.6       0.09     -0.6       0.8     
   0.99      0.13     -0.015    -0.095     0.79      0.6       0.09     -0.6       0.8     
   0.98     -0.013     0.21      0.014     1        -0.0049   -0.21      0.0077    0.98    
   0.98     -0.013     0.21      0.014     1        -0.0049   -0.21      0.0077    0.98    
   0.059    -0.95      0.32      1         0.048    -0.041     0.024     0.32      0.95    
   0.059    -0.95      0.32      1         0.048    -0.041     0.024     0.32      0.95    
  -0.15     -0.99      0.048     0.99     -0.15     -0.059     0.065     0.038     1       
  -0.15     -0.99      0.048     0.99     -0.15     -0.059     0.065     0.038     1       
   0.00042  -0.83      0.56      1         0.00054   5.1e-05  -0.00035   0.56      0.83    
   0.00042  -0.83      0.56      1         0.00054   5.1e-05  -0.00035   0.56      0.83    
   0.085    -9.5e-05   1         0.0018   -1        -0.00025   1         0.0018   -0.085   
   1         0.00042   0.0033   -0.00042   1         6e-05    -0.0033   -6.2e-05   1       
   1         0.00042   0.0033   -0.00042   1         6e-05    -0.0033   -6.2e-05   1       
   1         0.00042   0.0033   -0.00042   1         6e-05    -0.0033   -6.2e-05   1       
   1         0.00042   0.0033   -0.00042   1         6e-05    -0.0033   -6.2e-05   1       
  -0.13     -0.00011   0.99     -0.00031  -1        -0.00015   0.99     -0.00033   0.13    
   1         0.0003    0.044    -0.0003    1        -0.00012  -0.044     0.00011   1       
   1        -0.0037    0.069     0.004     1        -0.0042   -0.069     0.0045    1       
   1        -0.0037    0.069     0.004     1        -0.0042   -0.069     0.0045    1       
   0.064    -0.07      1         3.4e-05  -1        -0.07      1         0.0045   -0.064   
   0.064    -0.07      1         3.4e-05  -1        -0.07      1         0.0045   -0.064   
   0.99      0.0002    0.11     -0.00018   1        -0.00016  -0.11      0.00014   0.99    
   0.99      0.0002    0.11     -0.00018   1        -0.00016  -0.11      0.00014   0.99    
   0.059    -1        -0.0018   -0.00019   0.0018   -1         1         0.059    -8.3e-05 
   0.059    -1        -0.0018   -0.00019   0.0018   -1         1         0.059    -8.3e-05 
   0.1      -0.99      0.033     0.64      0.041    -0.76      0.76      0.1       0.64    
  -0.062     0.017     1         0.28      0.96      0.00056  -0.96      0.28     -0.064   
   0.0051   -1         0.067     1        -0.00018  -0.078     0.078     0.067     0.99    
   1        -0.00062   0.064     0.00056   1         0.001    -0.064    -0.001     1       
  -0.082    -0.98     -0.18      0.99     -0.1       0.11     -0.13     -0.17      0.98    
  -0.082    -0.98     -0.18      0.99     -0.1       0.11     -0.13     -0.17      0.98    
   0.36      0.18      0.92      0.93     -0.094    -0.34      0.025     0.98     -0.2     
   0.36      0.18      0.92      0.93     -0.094    -0.34      0.025     0.98     -0.2     
   0.095    -0.99     -0.053     0.055     0.058    -1         0.99      0.092     0.06    
   0.095    -0.99     -0.053     0.055     0.058    -1         0.99      0.092     0.06    
   0.15     -0.15      0.98     -0.65     -0.76     -0.011     0.74     -0.63     -0.21    
   0.15     -0.15      0.98     -0.65     -0.76     -0.011     0.74     -0.63     -0.21    
  -0.11     -0.98      0.15      0.99     -0.1       0.05     -0.034     0.16      0.99    
  -0.11     -0.98      0.15      0.99     -0.1       0.05     -0.034     0.16      0.99    
   0.26      0.21      0.94      0.96      0.0023   -0.26     -0.059     0.98     -0.21    
  -0.1      -0.99      0.034     0.64     -0.041     0.76     -0.76      0.1       0.64    
  -0.062    -0.017     1        -0.28      0.96     -0.0011   -0.96     -0.28     -0.064   
  -0.0044   -1         0.067     1         0.00086   0.078    -0.078     0.067     0.99    
   1         0.0012    0.064    -0.0011    1        -0.0013   -0.064     0.0012    1       
   0.08     -0.98     -0.18      0.99      0.1      -0.11      0.13     -0.17      0.98    
   0.08     -0.98     -0.18      0.99      0.1      -0.11      0.13     -0.17      0.98    
  -0.36      0.18      0.92      0.93      0.094     0.35     -0.024     0.98     -0.2     
  -0.36      0.18      0.92      0.93      0.094     0.35     -0.024     0.98     -0.2     
   0.095    -0.99      0.055    -0.055    -0.06     -1         0.99      0.092    -0.061   
   0.095    -0.99      0.055    -0.055    -0.06     -1         0.99      0.092    -0.061   
   0.15      0.15      0.98      0.67     -0.74      0.013     0.73      0.65     -0.21    
   0.15      0.15      0.98      0.67     -0.74      0.013     0.73      0.65     -0.21    
   0.11     -0.98      0.16      0.99      0.099    -0.05      0.034     0.16      0.99    
   0.11     -0.98      0.16      0.99      0.099    -0.05      0.034     0.16      0.99    
  -0.26      0.21      0.94      0.96     -0.0022    0.27      0.059     0.98     -0.21    

SITE_XPOS
   0.068    -3.3e-05   0.71    
  -0.0061   -0.0023    0.99    

SITE_XMAT
   1         0.00036   0.044    -0.00035   1        -0.00033  -0.044     0.00032   1       
   1         0.0003    0.06     -0.0003    1        -0.00012  -0.06      0.00011   1       

LIGHT_XPOS
   0         0         4       

LIGHT_XDIR
   0         0        -1       

SUBTREE_COM
   0.045     4.5e-05   0.72    
   0.045     4.5e-05   0.72    
   0.03      0.11      0.4     
   0.032     0.12      0.34    
   0.02      0.12      0.26    
   0.016     0.12      0.18    
   0.026     0.12      0.023   
   0.03      0.12      0.018   
   0.03     -0.11      0.4     
   0.031    -0.12      0.34    
   0.02     -0.12      0.26    
   0.016    -0.12      0.18    
   0.026    -0.12      0.023   
   0.03     -0.12      0.018   
   0.063     9.8e-05   0.99    
   0.064     0.0001    0.99    
   0.064     0.0001    0.99    
   0.098     0.14      0.95    
   0.11      0.15      0.91    
   0.13      0.14      0.88    
   0.18      0.15      0.87    
   0.23      0.14      0.86    
   0.24      0.14      0.86    
   0.3       0.14      0.85    
   0.098    -0.14      0.95    
   0.11     -0.15      0.91    
   0.13     -0.14      0.88    
   0.18     -0.15      0.87    
   0.23     -0.14      0.86    
   0.24     -0.14      0.86    
   0.3      -0.14      0.85    

CDOF
   0         0         0         1         0         0       
   0         0         0         0         1         0       
   0         0         0         0         0         1       
   1        -0.00035  -0.044     2.9e-05   0.072     9.6e-05 
   0.00036   1         0.00032  -0.073     3.2e-05  -0.019   
   0.044    -0.00033   1        -6.6e-05   0.022     1e-05   
   0.00036   1         0.00032   0.03     -3.5e-06  -0.023   
   0.99     -0.0004    0.14      0.016    -0.056    -0.12    
  -0.14     -0.00035   0.99      0.12      0.0074    0.016   
   0.00022   1         0.00038   0.37     -6.7e-05  -0.035   
   0.00022   1         0.00038   0.67     -0.00013  -0.042   
   1        -0.00022  -0.0039   -0.00062  -0.68     -0.12    
   0.00036   1         0.00032   0.03     -3.5e-06  -0.023   
   0.99     -0.0004    0.14     -0.016    -0.056     0.12    
  -0.14      0.0004    0.99     -0.12      0.0075   -0.016   
   0.00042   1        -0.00035   0.37     -0.00017  -0.035   
   0.00042   1        -0.00035   0.67     -0.0003   -0.042   
   1        -0.00042  -0.0033    9.7e-05  -0.68      0.12    
   0.044    -0.00033   1        -6.6e-05   0.022     1e-05   
   1        -0.0003   -0.044     3.7e-05   0.11      0.00011 
   0.0003    1         0.00011  -0.13      4.1e-05  -0.02    
   0.017     0.96      0.28     -0.32      0.0068   -0.0036  
   1         0.00056  -0.064    -0.0092    0.36     -0.14    
   0.064     0.001     1         0.15      0.025    -0.0094  
   0.025     1        -0.0027   -0.18      0.0045   -0.0019  
   1        -0.026    -0.094    -0.0096    0.17     -0.15    
   0.02      1        -0.057    -0.16      0.011     0.14    
   0.19      0.052     0.98      0.13     -0.15     -0.018   
  -0.017     0.96     -0.28     -0.32     -0.0066   -0.0036  
   1        -0.0011   -0.064     0.0094    0.36      0.14    
   0.064    -0.0013    1        -0.15      0.025     0.0094  
  -0.027     1         0.0031   -0.18     -0.0048   -0.0023  
   1         0.027    -0.094     0.0093    0.17      0.15    
  -0.022     1         0.058    -0.16     -0.011     0.13    
   0.19     -0.052     0.98     -0.13     -0.15      0.018   

CINERT
   0         0         0         0         0         0         0         0         0         0       
   0.011     0.011     0.0098   -5.9e-06  -0.00038  -3e-07    -0.084    -0.00025  -0.012     3.8     
   0.023     0.0063    0.019     0.0033   -0.0017    0.0086   -0.029     0.15     -0.075     1.4     
   0.054     0.034     0.022    -0.0031    0.0035    0.025     0.026     0.18     -0.22      1.5     
   0.22      0.2       0.022     0.0029   -0.013     0.06     -0.032     0.18     -0.57      1.7     
   0.5       0.47      0.033     0.0077   -0.031     0.11     -0.063     0.24     -0.94      1.9     
   0.033     0.032     0.0012    0.00043  -0.0024    0.0058   -0.0036    0.0088   -0.048     0.074   
   0.31      0.3       0.01      0.0011   -0.0064    0.051    -0.0093    0.072    -0.43      0.61    
   0.023     0.0063    0.019    -0.0033   -0.0017   -0.0087   -0.029    -0.15     -0.076     1.4     
   0.054     0.034     0.022     0.003     0.0035   -0.025     0.026    -0.18     -0.22      1.5     
   0.22      0.2       0.022    -0.0029   -0.013    -0.06     -0.032    -0.18     -0.57      1.7     
   0.5       0.47      0.033    -0.0077   -0.031    -0.11     -0.063    -0.24     -0.94      1.9     
   0.033     0.032     0.0012   -0.00043  -0.0024   -0.0058   -0.0036   -0.0088   -0.048     0.074   
   0.31      0.3       0.01     -0.0011   -0.0064   -0.051    -0.0093   -0.072    -0.43      0.61    
   0.0021    0.0022    0.0002   -2.2e-06   0.0003    2.1e-06  -0.0034   -2.4e-05   0.022     0.24    
   0.00066   0.00068   2.4e-05  -3.2e-07   0.00011   2e-06    -0.00097  -1.6e-05   0.0055    0.047   
   1         1         0.034    -7.9e-05   0.0093   -0.00031  -0.059     0.0013    2.9       9.6     
   0.11      0.095     0.014     0.0002    0.00054  -0.036    -0.0015    0.099     0.26      0.72    
   0.072     0.058     0.014     0.00061   0.0012   -0.028    -0.0041    0.095     0.19      0.64    
   0.041     0.026     0.015     0.00029   0.00047  -0.02     -0.002     0.11      0.14      0.73    
   0.029     0.019     0.016    -0.0058   -0.0063   -0.014     0.039     0.089     0.096     0.6     
   0.0039    0.0033    0.003    -0.0015   -0.0016   -0.0019    0.01      0.012     0.013     0.085   
   0.021     0.024     0.023    -0.011    -0.011    -0.01      0.078     0.069     0.072     0.48    
   0.0099    0.021     0.022    -0.0092   -0.0085   -0.0049    0.064     0.036     0.034     0.25    
   0.11      0.095     0.014    -0.0002    0.00057   0.036    -0.0015   -0.099     0.26      0.72    
   0.072     0.058     0.014    -0.00062   0.0012    0.028    -0.0042   -0.095     0.19      0.64    
   0.041     0.026     0.016    -0.0003    0.00049   0.02     -0.0021   -0.11      0.14      0.73    
   0.029     0.018     0.016     0.0058   -0.0063    0.014     0.039    -0.089     0.096     0.6     
   0.0039    0.0033    0.003     0.0015   -0.0016    0.0019    0.01     -0.012     0.013     0.085   
   0.021     0.024     0.023     0.011    -0.011     0.01      0.078    -0.069     0.072     0.48    
   0.0099    0.021     0.022     0.0092   -0.0085    0.0048    0.064    -0.036     0.034     0.25    

ACTUATOR_LENGTH
  -0.0082  
   8.2e-05 
   0.00013 
  -0.015   
  -0.017   
  -0.00019 
  -0.0082  
  -0.00066 
   3.5e-05 
  -0.015   
  -0.018   
   0.00028 
   5.3e-05 
  -0.00021 
   0.016   
   0.0038  
  -0.0012  
  -0.026   
   0.03    
  -0.055   
   0.099   
   0.028   
   0.0037  
   0.0012  
   0.029   
   0.03    
   0.055   
   0.1     
  -0.028   

actuator_moment
-------------------------------------
       x                             |
        x                            |
         x                           |
          x                          |
           x                         |
            x                        |
             x                       |
              x                      |
               x                     |
                x                    |
                 x                   |
                  x                  |
                   x                 |
                    x                |
                     x               |
                      x              |
                       x             |
                        x            |
                         x           |
                          x          |
                           x         |
                            x        |
                             x       |
                              x      |
                               x     |
                                x    |
                                 x   |
                                  x  |
                                   x |
-------------------------------------

ACTUATOR_MOMENT
     6:  1       
     7:  1       
     8:  1       
     9:  1       
    10:  1       
    11:  1       
    12:  1       
    13:  1       
    14:  1       
    15:  1       
    16:  1       
    17:  1       
    18:  1       
    19:  1       
    20:  1       
    21:  1       
    22:  1       
    23:  1       
    24:  1       
    25:  1       
    26:  1       
    27:  1       
    28:  1       
    29:  1       
    30:  1       
    31:  1       
    32:  1       
    33:  1       
    34:  1       

CRB
   0         0         0         0         0         0         0         0         0         0       
   3.9       3.6       0.48     -0.00024  -0.14     -0.00046  -4.3e-16  -2.2e-16   0         35      
   1.1       1         0.11      0.012    -0.05      0.26     -0.11      0.82     -2.3       7.2     
   1.1       1         0.089     0.0091   -0.049     0.26     -0.081     0.67     -2.2       5.8     
   1.1       1         0.066     0.012    -0.052     0.23     -0.11      0.5      -2         4.3     
   0.84      0.8       0.044     0.0093   -0.04      0.17     -0.076     0.32     -1.4       2.6     
   0.34      0.33      0.012     0.0015   -0.0088    0.056    -0.013     0.081    -0.47      0.68    
   0.31      0.3       0.01      0.0011   -0.0064    0.051    -0.0093    0.072    -0.43      0.61    
   1.1       1         0.11     -0.012    -0.05     -0.26     -0.11     -0.83     -2.3       7.2     
   1.1       1         0.089    -0.0092   -0.049    -0.26     -0.081    -0.67     -2.2       5.8     
   1.1       1         0.066    -0.012    -0.052    -0.23     -0.11     -0.5      -2         4.3     
   0.84      0.8       0.044    -0.0093   -0.04     -0.17     -0.076    -0.32     -1.4       2.6     
   0.34      0.33      0.012    -0.0015   -0.0088   -0.056    -0.013    -0.081    -0.47      0.68    
   0.31      0.3       0.01     -0.0011   -0.0064   -0.051    -0.0093   -0.072    -0.43      0.61    
   1.6       1.5       0.25     -0.00016  -0.041    -0.00021   0.3       0.00091   4.6       17      
   1.6       1.5       0.25     -0.00016  -0.042    -0.00021   0.31      0.00094   4.6       17      
   1.6       1.5       0.25     -0.00016  -0.042    -0.00021   0.31      0.00095   4.5       17      
   0.29      0.25      0.11     -0.026    -0.026    -0.12      0.18      0.51      0.8       3.5     
   0.18      0.15      0.094    -0.027    -0.026    -0.079     0.19      0.41      0.54      2.8     
   0.11      0.093     0.08     -0.027    -0.027    -0.051     0.19      0.31      0.35      2.2     
   0.064     0.067     0.064    -0.028    -0.028    -0.031     0.19      0.21      0.22      1.4     
   0.035     0.048     0.048    -0.022    -0.022    -0.017     0.15      0.12      0.12      0.82    
   0.031     0.045     0.045    -0.02     -0.02     -0.015     0.14      0.11      0.11      0.74    
   0.0099    0.021     0.022    -0.0092   -0.0085   -0.0049    0.064     0.036     0.034     0.25    
   0.29      0.25      0.11      0.026    -0.026     0.12      0.18     -0.51      0.8       3.5     
   0.18      0.15      0.094     0.027    -0.026     0.079     0.19     -0.41      0.54      2.8     
   0.1       0.093     0.08      0.027    -0.027     0.051     0.19     -0.31      0.35      2.2     
   0.064     0.067     0.064     0.027    -0.028     0.031     0.19     -0.21      0.22      1.4     
   0.034     0.048     0.048     0.022    -0.022     0.017     0.15     -0.12      0.12      0.82    
   0.031     0.045     0.045     0.02     -0.02      0.015     0.14     -0.11      0.11      0.74    
   0.0099    0.021     0.022     0.0092   -0.0085    0.0048    0.064    -0.036     0.034     0.25    

QM
   35      
   0         35      
   0         0         35      
   0.001     2.5       0.0034    4.1     
  -2.6       0.0011   -0.66     -0.00018   3.8     
  -0.0023    0.77      0.00036   0.063    -0.0013    0.49    
  -2.1       0.00077  -0.057    -0.017     1.1       0.24      0.92    
   0.0016    1.8      -0.0063    1        -0.00043   0.038    -0.0003    0.78    
   0.0054   -0.35      0.00063  -0.2      -0.0014   -0.00074  -0.00089  -0.15      0.047   
  -0.46      0.00011  -0.017    -0.0044    0.32      0.054     0.27      0.0001    0.0012    0.13    
  -0.02      1e-05    -0.015    -0.0019    0.017     0.0023    0.015    -2.8e-05   4.5e-05   0.0086    0.0038  
   2.2e-06   0.01      1.9e-06   0.0079    1.4e-06   0.00047   1.2e-06   0.0066   -0.00099   2.6e-07   2.7e-07   0.0014  
  -2.1       0.00077  -0.057     0.017     1.1      -0.24                                                                  0.92    
  -0.00013   1.8       0.0064    1         0.00034   0.038                                                                 0.00023   0.78    
  -0.0056   -0.35     -0.00064  -0.2       0.0014   -0.00075                                                               0.00088  -0.15      0.047   
  -0.46      0.00019  -0.017     0.0044    0.32     -0.055                                                                 0.27     -0.00015  -0.0012    0.13    
  -0.02      3e-06    -0.016     0.0019    0.017    -0.0023                                                                0.015     2.5e-05  -4.5e-05   0.0086    0.0038  
   4.2e-06   0.01     -6.2e-07   0.0079   -6.2e-07   0.00047                                                              -5.4e-07   0.0066   -0.00099  -2.9e-07  -3e-07     0.0014  
  -0.0035    0.47      0.00031  -0.048    -0.0007    0.26                                                                                                                              0.27    
  -0.0007   -2.8       0.0028    0.91     -0.00016  -0.032                                                                                                                            -0.032     0.82    
   2.4      -0.00067  -0.65     -0.00025   0.77     -0.00055                                                                                                                          -0.00055  -0.00021   0.65    
  -0.5       0.061    -0.18     -0.034    -0.014     0.083                                                                                                                             0.083    -0.032     0.013     0.14    
   0.00063   0.46      0.014    -0.044    -0.00072   0.045                                                                                                                             0.045    -0.028    -0.00078   0.012     0.09    
   0.0037    0.22     -0.00047  -0.018     0.00038   0.04                                                                                                                              0.04     -0.01      0.00017   0.011     0.045     0.046   
  -0.036     0.00042  -0.19     -0.027     0.035     0.0041                                                                                                                            0.0041   -0.027     0.037     0.041    -0.00049   5.6e-05   0.039   
   9e-05     0.0041   -0.00018   3.2e-05   3.6e-06   0.001                                                                                                                             0.001     0.00018  -1.1e-06   0.00026   0.0012    0.001     1.4e-06   0.0054  
  -0.008    -0.0021   -0.04     -0.0056    0.01      0.00031                                                                                                                           0.00031  -0.0057    0.011     0.012    -0.0005   -0.00059   0.01     -4.1e-05   0.0058  
  -0.00018   0.018    -0.00093  -0.0014    0.00028   0.0054                                                                                                                            0.0054   -0.00072   0.00029   0.0018    0.0039    0.0054    0.00028   0.00023   2.8e-06   0.0028  
  -0.5      -0.06     -0.18      0.034    -0.014    -0.083                                                                                                                            -0.083     0.032     0.013                                                                           0.14    
  -0.00032   0.46     -0.013    -0.044     0.00063   0.045                                                                                                                             0.045    -0.028     0.00067                                                                        -0.012     0.09    
  -0.0042    0.22      0.00055  -0.018    -0.00041   0.04                                                                                                                              0.04     -0.01     -0.00019                                                                        -0.01      0.045     0.046   
  -0.036    -0.00042  -0.19      0.027     0.035    -0.0041                                                                                                                           -0.0041    0.027     0.037                                                                           0.041     0.00038  -5.6e-05   0.039   
  -9.9e-05   0.0042    0.00018   2.8e-05  -4.8e-06   0.001                                                                                                                             0.001     0.00018   5.1e-08                                                                        -0.00026   0.0012    0.001    -2.9e-06   0.0054  
  -0.0081    0.0021   -0.04      0.0055    0.01     -0.00032                                                                                                                          -0.00032   0.0056    0.011                                                                           0.012     0.00047   0.00059   0.01      4e-05     0.0058  
   0.00014   0.018     0.00093  -0.0014   -0.00028   0.0054                                                                                                                            0.0054   -0.00072  -0.00029                                                                        -0.0018    0.0039    0.0054   -0.00028   0.00023  -2.8e-06   0.0028  

M
     0:  35      
     0:  0          1:  35      
     0:  0          1:  0          2:  35      
     0:  0.001      1:  2.5        2:  0.0034     3:  4.1     
     0: -2.6        1:  0.0011     2: -0.66       3: -0.00018    4:  3.8     
     0: -0.0023     1:  0.77       2:  0.00036    3:  0.063      4: -0.0013     5:  0.49    
     0: -2.1        1:  0.00077    2: -0.057      3: -0.017      4:  1.1        5:  0.24       6:  0.92    
     0:  0.0016     1:  1.8        2: -0.0063     3:  1          4: -0.00043    5:  0.038      6: -0.0003     7:  0.78    
     0:  0.0054     1: -0.35       2:  0.00063    3: -0.2        4: -0.0014     5: -0.00074    6: -0.00089    7: -0.15       8:  0.047   
     0: -0.46       1:  0.00011    2: -0.017      3: -0.0044     4:  0.32       5:  0.054      6:  0.27       7:  0.0001     8:  0.0012     9:  0.13    
     0: -0.02       1:  1e-05      2: -0.015      3: -0.0019     4:  0.017      5:  0.0023     6:  0.015      7: -2.8e-05    8:  4.5e-05    9:  0.0086    10:  0.0038  
     0:  2.2e-06    1:  0.01       2:  1.9e-06    3:  0.0079     4:  1.4e-06    5:  0.00047    6:  1.2e-06    7:  0.0066     8: -0.00099    9:  2.6e-07   10:  2.7e-07   11:  0.0014  
     0: -2.1        1:  0.00077    2: -0.057      3:  0.017      4:  1.1        5: -0.24      12:  0.92    
     0: -0.00013    1:  1.8        2:  0.0064     3:  1          4:  0.00034    5:  0.038     12:  0.00023   13:  0.78    
     0: -0.0056     1: -0.35       2: -0.00064    3: -0.2        4:  0.0014     5: -0.00075   12:  0.00088   13: -0.15      14:  0.047   
     0: -0.46       1:  0.00019    2: -0.017      3:  0.0044     4:  0.32       5: -0.055     12:  0.27      13: -0.00015   14: -0.0012    15:  0.13    
     0: -0.02       1:  3e-06      2: -0.016      3:  0.0019     4:  0.017      5: -0.0023    12:  0.015     13:  2.5e-05   14: -4.5e-05   15:  0.0086    16:  0.0038  
     0:  4.2e-06    1:  0.01       2: -6.2e-07    3:  0.0079     4: -6.2e-07    5:  0.00047   12: -5.4e-07   13:  0.0066    14: -0.00099   15: -2.9e-07   16: -3e-07     17:  0.0014  
     0: -0.0035     1:  0.47       2:  0.00031    3: -0.048      4: -0.0007     5:  0.26      18:  0.27    
     0: -0.0007     1: -2.8        2:  0.0028     3:  0.91       4: -0.00016    5: -0.032     18: -0.032     19:  0.82    
     0:  2.4        1: -0.00067    2: -0.65       3: -0.00025    4:  0.77       5: -0.00055   18: -0.00055   19: -0.00021   20:  0.65    
     0: -0.5        1:  0.061      2: -0.18       3: -0.034      4: -0.014      5:  0.083     18:  0.083     19: -0.032     20:  0.013     21:  0.14    
     0:  0.00063    1:  0.46       2:  0.014      3: -0.044      4: -0.00072    5:  0.045     18:  0.045     19: -0.028     20: -0.00078   21:  0.012     22:  0.09    
     0:  0.0037     1:  0.22       2: -0.00047    3: -0.018      4:  0.00038    5:  0.04      18:  0.04      19: -0.01      20:  0.00017   21:  0.011     22:  0.045     23:  0.046   
     0: -0.036      1:  0.00042    2: -0.19       3: -0.027      4:  0.035      5:  0.0041    18:  0.0041    19: -0.027     20:  0.037     21:  0.041     22: -0.00049   23:  5.6e-05   24:  0.039   
     0:  9e-05      1:  0.0041     2: -0.00018    3:  3.2e-05    4:  3.6e-06    5:  0.001     18:  0.001     19:  0.00018   20: -1.1e-06   21:  0.00026   22:  0.0012    23:  0.001     24:  1.4e-06   25:  0.0054  
     0: -0.008      1: -0.0021     2: -0.04       3: -0.0056     4:  0.01       5:  0.00031   18:  0.00031   19: -0.0057    20:  0.011     21:  0.012     22: -0.0005    23: -0.00059   24:  0.01      25: -4.1e-05   26:  0.0058  
     0: -0.00018    1:  0.018      2: -0.00093    3: -0.0014     4:  0.00028    5:  0.0054    18:  0.0054    19: -0.00072   20:  0.00029   21:  0.0018    22:  0.0039    23:  0.0054    24:  0.00028   25:  0.00023   26:  2.8e-06   27:  0.0028  
     0: -0.5        1: -0.06       2: -0.18       3:  0.034      4: -0.014      5: -0.083     18: -0.083     19:  0.032     20:  0.013     28:  0.14    
     0: -0.00032    1:  0.46       2: -0.013      3: -0.044      4:  0.00063    5:  0.045     18:  0.045     19: -0.028     20:  0.00067   28: -0.012     29:  0.09    
     0: -0.0042     1:  0.22       2:  0.00055    3: -0.018      4: -0.00041    5:  0.04      18:  0.04      19: -0.01      20: -0.00019   28: -0.01      29:  0.045     30:  0.046   
     0: -0.036      1: -0.00042    2: -0.19       3:  0.027      4:  0.035      5: -0.0041    18: -0.0041    19:  0.027     20:  0.037     28:  0.041     29:  0.00038   30: -5.6e-05   31:  0.039   
     0: -9.9e-05    1:  0.0042     2:  0.00018    3:  2.8e-05    4: -4.8e-06    5:  0.001     18:  0.001     19:  0.00018   20:  5.1e-08   28: -0.00026   29:  0.0012    30:  0.001     31: -2.9e-06   32:  0.0054  
     0: -0.0081     1:  0.0021     2: -0.04       3:  0.0055     4:  0.01       5: -0.00032   18: -0.00032   19:  0.0056    20:  0.011     28:  0.012     29:  0.00047   30:  0.00059   31:  0.01      32:  4e-05     33:  0.0058  
     0:  0.00014    1:  0.018      2:  0.00093    3: -0.0014     4: -0.00028    5:  0.0054    18:  0.0054    19: -0.00072   20: -0.00029   28: -0.0018    29:  0.0039    30:  0.0054    31: -0.00028   32:  0.00023   33: -2.8e-06   34:  0.0028  

QLD
     0:  8.7     
     0:  0.00029    1:  11      
     0:  0.043      1:  0.00017    2:  33      
     0:  0.00071    1:  2.4        2:  0.00083    3:  0.36    
     0: -4.4        1:  0.0024     2:  1.3        3:  9.4e-07    4:  0.13    
     0: -0.00074    1:  1.3        2:  0.0002     3:  0.27       4: -0.00011    5:  0.089   
     0: -3.1        1:  0.011      2: -0.11       3: -0.027      4:  1.3        5:  0.36       6:  0.34    
     0:  0.12       1:  2.5        2: -0.016      3:  1.3        4: -0.053      5:  0.11       6: -0.041      7:  0.28    
     0:  0.21       1: -7.4        2:  0.014      3: -4.2        4: -0.096      5: -0.02       6: -0.074      7: -3.2        8:  0.046   
     0: -3.9        1:  0.00082    2:  0.18       3:  0.00017    4:  2.6        5:  0.47       6:  2.2        7:  0.0016     8:  0.01       9:  0.11    
     0: -5.3        1:  0.0022     2: -4.1        3: -0.51       4:  4.5        5:  0.6        6:  4          7: -0.0076     8:  0.012      9:  2.3       10:  0.0038  
     0:  0.0016     1:  7.2        2:  0.0014     3:  5.7        4:  0.00099    5:  0.34       6:  0.00088    7:  4.7        8: -0.71       9:  0.00018   10:  0.00019   11:  0.0014  
     0: -3.1        1: -0.0082     2: -0.11       3:  0.027      4:  1.3        5: -0.36      12:  0.34    
     0: -0.11       1:  2.5        2:  0.016      3:  1.3        4:  0.052      5:  0.11      12:  0.04      13:  0.28    
     0: -0.22       1: -7.4        2: -0.014      3: -4.2        4:  0.096      5: -0.02      12:  0.074     13: -3.2       14:  0.046   
     0: -3.9        1:  0.0017     2:  0.18       3: -0.00024    4:  2.6        5: -0.47      12:  2.2       13: -0.002     14: -0.01      15:  0.11    
     0: -5.3        1:  0.0014     2: -4.1        3:  0.51       4:  4.5        5: -0.6       12:  4         13:  0.007     14: -0.012     15:  2.3       16:  0.0038  
     0:  0.003      1:  7.2        2: -0.00044    3:  5.7        4: -0.00044    5:  0.34      12: -0.00039   13:  4.7       14: -0.71      15: -0.00021   16: -0.00022   17:  0.0014  
     0: -0.011      1:  0.23       2: -0.0011     3: -0.0082     4: -0.00049    5:  0.9       18:  0.096   
     0: -0.00028    1: -3.3        2:  0.0031     3:  1.1        4:  9.8e-05    5: -0.0022    18: -0.0022    19:  0.76    
     0:  4          1: -0.001      2: -0.52       3: -0.00028    4:  1.2        5: -0.00089   18: -0.00089   19: -0.00022   20:  0.56    
     0: -5          1: -0.0017     2:  0.11       3: -0.012      4: -0.54       5:  0.74      18:  0.74      19: -0.012     20: -0.27      21:  0.093   
     0: -0.087      1:  5.2        2:  0.25       3: -0.58       4: -0.016      5:  0.13      18:  0.13      19: -0.4       20: -0.012     21:  0.047     22:  0.045   
     0:  0.11       1:  5.3        2:  0.015      3: -0.44       4:  0.013      5:  0.84      18:  0.84      19: -0.26      20:  0.0073    21:  0.22      22:  1.1       23:  0.035   
     0: -1.1        1:  0.12       2: -5.7        3: -0.83       4:  0.76       5:  0.15      18:  0.15      19: -0.83      20:  0.83      21:  0.96      22:  0.0013    23:  0.028     24:  0.021   
     0:  0.009      1:  0.5        2: -0.071      3:  0.019      4:  0.01       5:  0.11      18:  0.11      19:  0.036     20:  0.0098    21:  0.036     22:  0.17      23:  0.11      24:  0.0096    25:  0.0054  
     0: -1.4        1: -0.37       2: -6.9        3: -0.96       4:  1.8        5:  0.052     18:  0.052     19: -0.97      20:  1.9       21:  2         22: -0.087     23: -0.1       24:  1.8       25: -0.007     26:  0.0058  
     0: -0.064      1:  6.3        2: -0.33       3: -0.48       4:  0.097      5:  1.9       18:  1.9       19: -0.26      20:  0.1       21:  0.63      22:  1.4       23:  1.9       24:  0.1       25:  0.081     26:  0.00098   27:  0.0028  
     0: -5          1:  0.005      2:  0.11       3:  0.012      4: -0.54       5: -0.74      18: -0.74      19:  0.012     20: -0.27      28:  0.093   
     0:  0.1        1:  5.2        2: -0.25       3: -0.58       4:  0.017      5:  0.14      18:  0.14      19: -0.4       20:  0.012     28: -0.049     29:  0.045   
     0: -0.12       1:  5.3        2: -0.013      3: -0.44       4: -0.014      5:  0.84      18:  0.84      19: -0.26      20: -0.0078    28: -0.21      29:  1.1       30:  0.035   
     0: -1.1        1: -0.12       2: -5.7        3:  0.83       4:  0.76       5: -0.15      18: -0.15      19:  0.83      20:  0.83      28:  0.96      29: -0.0037    30: -0.028     31:  0.021   
     0: -0.01       1:  0.5        2:  0.072      3:  0.019      4: -0.01       5:  0.11      18:  0.11      19:  0.036     20: -0.0097    28: -0.036     29:  0.17      30:  0.11      31: -0.0097    32:  0.0054  
     0: -1.4        1:  0.37       2: -6.9        3:  0.96       4:  1.8        5: -0.054     18: -0.054     19:  0.97      20:  1.9       28:  2         29:  0.082     30:  0.1       31:  1.8       32:  0.007     33:  0.0058  
     0:  0.051      1:  6.3        2:  0.33       3: -0.48       4: -0.098      5:  1.9       18:  1.9       19: -0.25      20: -0.1       28: -0.63      29:  1.4       30:  1.9       31: -0.1       32:  0.082     33: -0.00099   34:  0.0028  

QLDIAGINV
   0.12    
   0.087   
   0.031   
   2.8     
   7.6     
   11      
   2.9     
   3.5     
   22      
   9.5     
   2.6e+02 
   7.2e+02 
   2.9     
   3.5     
   22      
   9.5     
   2.6e+02 
   7.2e+02 
   10      
   1.3     
   1.8     
   11      
   22      
   28      
   48      
   1.9e+02 
   1.7e+02 
   3.5e+02 
   11      
   22      
   28      
   48      
   1.9e+02 
   1.7e+02 
   3.5e+02 

M: inertia structure
-------------------------------------
 x                                   |
 xx                                  |
 xxx                                 |
 xxxx                                |
 xxxxx                               |
 xxxxxx                              |
 xxxxxxx                             |
 xxxxxxxx                            |
 xxxxxxxxx                           |
 xxxxxxxxxx                          |
 xxxxxxxxxxx                         |
 xxxxxxxxxxxx                        |
 xxxxxx      x                       |
 xxxxxx      xx                      |
 xxxxxx      xxx                     |
 xxxxxx      xxxx                    |
 xxxxxx      xxxxx                   |
 xxxxxx      xxxxxx                  |
 xxxxxx            x                 |
 xxxxxx            xx                |
 xxxxxx            xxx               |
 xxxxxx            xxxx              |
 xxxxxx            xxxxx             |
 xxxxxx            xxxxxx            |
 xxxxxx            xxxxxxx           |
 xxxxxx            xxxxxxxx          |
 xxxxxx            xxxxxxxxx         |
 xxxxxx            xxxxxxxxxx        |
 xxxxxx            xxx       x       |
 xxxxxx            xxx       xx      |
 xxxxxx            xxx       xxx     |
 xxxxxx            xxx       xxxx    |
 xxxxxx            xxx       xxxxx   |
 xxxxxx            xxx       xxxxxx  |
 xxxxxx            xxx       xxxxxxx |
-------------------------------------

iM: block-diagonal inertia (nnzs are island ids)
-------------------------------------
 0                                   |
 00                                  |
 000                                 |
 0000                                |
 00000                               |
 000000                              |
 0000000                             |
 00000000                            |
 000000000                           |
 0000000000                          |
 00000000000                         |
 000000000000                        |
 000000      0                       |
 000000      00                      |
 000000      000                     |
 000000      0000                    |
 000000      00000                   |
 000000      000000                  |
 000000            0                 |
 000000            00                |
 000000            000               |
 000000            0000              |
 000000            00000             |
 000000            000000            |
 000000            0000000           |
 000000            00000000          |
 000000            000000000         |
 000000            0000000000        |
 000000            000       0       |
 000000            000       00      |
 000000            000       000     |
 000000            000       0000    |
 000000            000       00000   |
 000000            000       000000  |
 000000            000       0000000 |
-------------------------------------

QH
     0:  9.3     
     0:  0.00028    1:  12      
     0:  0.04       1:  0.00016    2:  33      
     0:  0.00077    1:  2.3        2:  0.00078    3:  0.4     
     0: -3.8        1:  0.0021     2:  0.96       3:  1.7e-05    4:  0.17    
     0: -0.0013     1:  1.2        2: -1.4e-05    3:  0.24       4: -0.00019    5:  0.1     
     0: -2.8        1:  0.0051     2: -0.066      3: -0.022      4:  1.2        5:  0.32       6:  0.42    
     0:  0.068      1:  2.4        2: -0.012      3:  1.3        4: -0.03       5:  0.088      6: -0.023      7:  0.39    
     0:  0.16       1: -6.1        2:  0.013      3: -3.5        4: -0.072      5: -0.019      6: -0.055      7: -2.7        8:  0.057   
     0: -3.3        1:  0.00073    2:  0.0036     3: -0.017      4:  2.3        5:  0.39       6:  1.9        7:  0.001      8:  0.0085     9:  0.13    
     0: -2.6        1:  0.0013     2: -2          3: -0.25       4:  2.2        5:  0.29       6:  1.9        7: -0.0036     8:  0.0058     9:  1.1       10:  0.0078  
     0:  0.00041    1:  1.9        2:  0.00036    3:  1.5        4:  0.00025    5:  0.088      6:  0.00023    7:  1.2        8: -0.18       9:  4.8e-05   10:  4.9e-05   11:  0.0054  
     0: -2.8        1: -0.0028     2: -0.066      3:  0.022      4:  1.2        5: -0.32      12:  0.42    
     0: -0.066      1:  2.4        2:  0.012      3:  1.3        4:  0.03       5:  0.088     12:  0.023     13:  0.39    
     0: -0.17       1: -6.1        2: -0.013      3: -3.5        4:  0.071      5: -0.02      12:  0.055     13: -2.7       14:  0.057   
     0: -3.3        1:  0.0014     2:  0.003      3:  0.017      4:  2.3        5: -0.39      12:  1.9       13: -0.0013    14: -0.0085    15:  0.13    
     0: -2.6        1:  0.00046    2: -2          3:  0.25       4:  2.2        5: -0.29      12:  1.9       13:  0.0033    14: -0.0057    15:  1.1       16:  0.0078  
     0:  0.00078    1:  1.9        2: -0.00011    3:  1.5        4: -0.00011    5:  0.088     12: -0.0001    13:  1.2       14: -0.18      15: -5.3e-05   16: -5.6e-05   17:  0.0054  
     0: -0.0093     1:  0.25       2: -0.001      3: -0.0089     4: -0.00045    5:  0.82      18:  0.11    
     0: -0.00028    1: -3.2        2:  0.0031     3:  1.1        4:  9.7e-05    5: -0.00023   18: -0.00023   19:  0.77    
     0:  4          1: -0.00097    2: -0.55       3: -0.00029    4:  1.2        5: -0.00088   18: -0.00088   19: -0.00022   20:  0.57    
     0: -4.8        1:  0.0036     2:  0.019      3: -0.024      4: -0.5        5:  0.72      18:  0.72      19: -0.024     20: -0.24      21:  0.097   
     0: -0.071      1:  5          2:  0.24       3: -0.55       4: -0.014      5:  0.15      18:  0.15      19: -0.37      20: -0.01      21:  0.049     22:  0.049   
     0:  0.091      1:  4.8        2:  0.0039     3: -0.4        4:  0.011      5:  0.82      18:  0.82      19: -0.23      20:  0.006     21:  0.21      22:  0.97      23:  0.042   
     0: -0.93       1:  0.081      2: -4.9        3: -0.72       4:  0.75       5:  0.12      18:  0.12      19: -0.72      20:  0.81      21:  0.91      22: -0.0017    23:  0.019     24:  0.027   
     0:  0.0077     1:  0.44       2: -0.046      3:  0.0092     4:  0.0061     5:  0.1       18:  0.1       19:  0.025     20:  0.0057    21:  0.031     22:  0.14      23:  0.1       24:  0.0057    25:  0.0074  
     0: -1          1: -0.27       2: -5.1        3: -0.71       4:  1.3        5:  0.039     18:  0.039     19: -0.72      20:  1.4       21:  1.5       22: -0.065     23: -0.076     24:  1.3       25: -0.0052    26:  0.0078  
     0: -0.037      1:  3.7        2: -0.19       3: -0.28       4:  0.057      5:  1.1       18:  1.1       19: -0.15      20:  0.059     21:  0.37      22:  0.8       23:  1.1       24:  0.059     25:  0.048     26:  0.00058   27:  0.0048  
     0: -4.8        1: -0.00044    2:  0.019      3:  0.024      4: -0.5        5: -0.72      18: -0.72      19:  0.024     20: -0.24      28:  0.097   
     0:  0.084      1:  5          2: -0.23       3: -0.55       4:  0.015      5:  0.15      18:  0.15      19: -0.37      20:  0.011     28: -0.051     29:  0.049   
     0: -0.1        1:  4.8        2: -0.002      3: -0.4        4: -0.012      5:  0.82      18:  0.82      19: -0.23      20: -0.0064    28: -0.21      29:  0.97      30:  0.042   
     0: -0.93       1: -0.08       2: -4.9        3:  0.72       4:  0.75       5: -0.12      18: -0.12      19:  0.72      20:  0.81      28:  0.91      29: -0.00064   30: -0.019     31:  0.027   
     0: -0.0086     1:  0.45       2:  0.047      3:  0.0088     4: -0.0061     5:  0.1       18:  0.1       19:  0.024     20: -0.0058    28: -0.032     29:  0.14      30:  0.11      31: -0.0058    32:  0.0074  
     0: -1          1:  0.27       2: -5.1        3:  0.71       4:  1.3        5: -0.04      18: -0.04      19:  0.72      20:  1.4       28:  1.5       29:  0.061     30:  0.076     31:  1.3       32:  0.0052    33:  0.0078  
     0:  0.03       1:  3.7        2:  0.19       3: -0.28       4: -0.057      5:  1.1       18:  1.1       19: -0.15      20: -0.059     28: -0.37      29:  0.8       30:  1.1       31: -0.058     32:  0.048     33: -0.00058   34:  0.0048  

QHDIAGINV
   0.11    
   0.085   
   0.03    
   2.5     
   5.8     
   9.6     
   2.4     
   2.6     
   18      
   7.6     
   1.3e+02 
   1.9e+02 
   2.4     
   2.6     
   18      
   7.6     
   1.3e+02 
   1.9e+02 
   9       
   1.3     
   1.7     
   10      
   20      
   24      
   36      
   1.4e+02 
   1.3e+02 
   2.1e+02 
   10      
   20      
   24      
   36      
   1.4e+02 
   1.3e+02 
   2.1e+02 

TREE_AWAKE
  1

BODY_AWAKE
  -1 1 1 1 1 1 1 1 1 1 1 1 1 1 1 1 1 1 1 1 1 1 1 1 1 1 1 1 1 1 1

BODY_AWAKE_IND
  0 1 2 3 4 5 6 7 8 9 10 11 12 13 14 15 16 17 18 19 20 21 22 23 24 25 26 27 28 29 30

PARENT_AWAKE_IND
  1 2 3 4 5 6 7 8 9 10 11 12 13 14 15 16 17 18 19 20 21 22 23 24 25 26 27 28 29 30

DOF_AWAKE_IND
  0 1 2 3 4 5 6 7 8 9 10 11 12 13 14 15 16 17 18 19 20 21 22 23 24 25 26 27 28 29 30 31 32 33 34

CONTACT
  0:
     dim           3
     geoms         floor : 31
     exclude       0
     efc_address   29
     solref         0.02      1       
     solimp         0.9       0.95      0.001     0.5       2       
     dist          -0.00066 
     includemargin  0       
     pos            0.12      0.15     -0.00033 
     frame          0         0         1         0         1         0        -1         0         0       
     friction       1         1         0.005     0.0001    0.0001  
     mu             1       
     force          27       -0.81      3.7       0         0         0       
  1:
     dim           3
     geoms         floor : 32
     exclude       0
     efc_address   33
     solref         0.02      1       
     solimp         0.9       0.95      0.001     0.5       2       
     dist          -0.00067 
     includemargin  0       
     pos            0.12      0.089    -0.00033 
     frame          0         0         1         0         1         0        -1         0         0       
     friction       1         1         0.005     0.0001    0.0001  
     mu             1       
     force          30       -0.82      1.3       0         0         0       
  2:
     dim           3
     geoms         floor : 44
     exclude       0
     efc_address   37
     solref         0.02      1       
     solimp         0.9       0.95      0.001     0.5       2       
     dist          -0.00011 
     includemargin  0       
     pos           -0.047    -0.094    -5.3e-05 
     frame          0         0         1         0         1         0        -1         0         0       
     friction       1         1         0.005     0.0001    0.0001  
     mu             1       
     force          71       -0.013    -1.2       0         0         0       
  3:
     dim           3
     geoms         floor : 45
     exclude       0
     efc_address   41
     solref         0.02      1       
     solimp         0.9       0.95      0.001     0.5       2       
     dist          -0.0001  
     includemargin  0       
     pos           -0.047    -0.14     -5.1e-05 
     frame          0         0         1         0         1         0        -1         0         0       
     friction       1         1         0.005     0.0001    0.0001  
     mu             1       
     force          71       -0.013    -1.1       0         0         0       
  4:
     dim           3
     geoms         floor : 46
     exclude       0
     efc_address   45
     solref         0.02      1       
     solimp         0.9       0.95      0.001     0.5       2       
     dist          -0.00066 
     includemargin  0       
     pos            0.12     -0.089    -0.00033 
     frame          0         0         1         0         1         0        -1         0         0       
     friction       1         1         0.005     0.0001    0.0001  
     mu             1       
     force          55       -0.96     -2         0         0         0       
  5:
     dim           3
     geoms         floor : 47
     exclude       0
     efc_address   49
     solref         0.02      1       
     solimp         0.9       0.95      0.001     0.5       2       
     dist          -0.00065 
     includemargin  0       
     pos            0.12     -0.15     -0.00033 
     frame          0         0         1         0         1         0        -1         0         0       
     friction       1         1         0.005     0.0001    0.0001  
     mu             1       
     force          55       -0.95     -1.7       0         0         0       

EFC_TYPE
  1
  1
  1
  1
  1
  1
  1
  1
  1
  1
  1
  1
  1
  1
  1
  1
  1
  1
  1
  1
  1
  1
  1
  1
  1
  1
  1
  1
  1
  6
  6
  6
  6
  6
  6
  6
  6
  6
  6
  6
  6
  6
  6
  6
  6
  6
  6
  6
  6
  6
  6
  6
  6

EFC_ID
  6
  7
  8
  9
  10
  11
  12
  13
  14
  15
  16
  17
  18
  19
  20
  21
  22
  23
  24
  25
  26
  27
  28
  29
  30
  31
  32
  33
  34
  0
  0
  0
  0
  1
  1
  1
  1
  2
  2
  2
  2
  3
  3
  3
  3
  4
  4
  4
  4
  5
  5
  5
  5

EFC_J
   0         0         0         0         0         0         1         0         0         0         0         0         0         0         0         0         0         0         0         0         0         0         0         0         0         0         0         0         0         0         0         0         0         0         0       
   0         0         0         0         0         0         0         1         0         0         0         0         0         0         0         0         0         0         0         0         0         0         0         0         0         0         0         0         0         0         0         0         0         0         0       
   0         0         0         0         0         0         0         0         1         0         0         0         0         0         0         0         0         0         0         0         0         0         0         0         0         0         0         0         0         0         0         0         0         0         0       
   0         0         0         0         0         0         0         0         0         1         0         0         0         0         0         0         0         0         0         0         0         0         0         0         0         0         0         0         0         0         0         0         0         0         0       
   0         0         0         0         0         0         0         0         0         0         1         0         0         0         0         0         0         0         0         0         0         0         0         0         0         0         0         0         0         0         0         0         0         0         0       
   0         0         0         0         0         0         0         0         0         0         0         1         0         0         0         0         0         0         0         0         0         0         0         0         0         0         0         0         0         0         0         0         0         0         0       
   0         0         0         0         0         0         0         0         0         0         0         0         1         0         0         0         0         0         0         0         0         0         0         0         0         0         0         0         0         0         0         0         0         0         0       
   0         0         0         0         0         0         0         0         0         0         0         0         0         1         0         0         0         0         0         0         0         0         0         0         0         0         0         0         0         0         0         0         0         0         0       
   0         0         0         0         0         0         0         0         0         0         0         0         0         0         1         0         0         0         0         0         0         0         0         0         0         0         0         0         0         0         0         0         0         0         0       
   0         0         0         0         0         0         0         0         0         0         0         0         0         0         0         1         0         0         0         0         0         0         0         0         0         0         0         0         0         0         0         0         0         0         0       
   0         0         0         0         0         0         0         0         0         0         0         0         0         0         0         0         1         0         0         0         0         0         0         0         0         0         0         0         0         0         0         0         0         0         0       
   0         0         0         0         0         0         0         0         0         0         0         0         0         0         0         0         0         1         0         0         0         0         0         0         0         0         0         0         0         0         0         0         0         0         0       
   0         0         0         0         0         0         0         0         0         0         0         0         0         0         0         0         0         0         1         0         0         0         0         0         0         0         0         0         0         0         0         0         0         0         0       
   0         0         0         0         0         0         0         0         0         0         0         0         0         0         0         0         0         0         0         1         0         0         0         0         0         0         0         0         0         0         0         0         0         0         0       
   0         0         0         0         0         0         0         0         0         0         0         0         0         0         0         0         0         0         0         0         1         0         0         0         0         0         0         0         0         0         0         0         0         0         0       
   0         0         0         0         0         0         0         0         0         0         0         0         0         0         0         0         0         0         0         0         0         1         0         0         0         0         0         0         0         0         0         0         0         0         0       
   0         0         0         0         0         0         0         0         0         0         0         0         0         0         0         0         0         0         0         0         0         0         1         0         0         0         0         0         0         0         0         0         0         0         0       
   0         0         0         0         0         0         0         0         0         0         0         0         0         0         0         0         0         0         0         0         0         0         0         1         0         0         0         0         0         0         0         0         0         0         0       
   0         0         0         0         0         0         0         0         0         0         0         0         0         0         0         0         0         0         0         0         0         0         0         0         1         0         0         0         0         0         0         0         0         0         0       
   0         0         0         0         0         0         0         0         0         0         0         0         0         0         0         0         0         0         0         0         0         0         0         0         0         1         0         0         0         0         0         0         0         0         0       
   0         0         0         0         0         0         0         0         0         0         0         0         0         0         0         0         0         0         0         0         0         0         0         0         0         0         1         0         0         0         0         0         0         0         0       
   0         0         0         0         0         0         0         0         0         0         0         0         0         0         0         0         0         0         0         0         0         0         0         0         0         0         0         1         0         0         0         0         0         0         0       
   0         0         0         0         0         0         0         0         0         0         0         0         0         0         0         0         0         0         0         0         0         0         0         0         0         0         0         0         1         0         0         0         0         0         0       
   0         0         0         0         0         0         0         0         0         0         0         0         0         0         0         0         0         0         0         0         0         0         0         0         0         0         0         0         0         1         0         0         0         0         0       
   0         0         0         0         0         0         0         0         0         0         0         0         0         0         0         0         0         0         0         0         0         0         0         0         0         0         0         0         0         0         1         0         0         0         0       
   0         0         0         0         0         0         0         0         0         0         0         0         0         0         0         0         0         0         0         0         0         0         0         0         0         0         0         0         0         0         0         1         0         0         0       
   0         0         0         0         0         0         0         0         0         0         0         0         0         0         0         0         0         0         0         0         0         0         0         0         0         0         0         0         0         0         0         0         1         0         0       
   0         0         0         0         0         0         0         0         0         0         0         0         0         0         0         0         0         0         0         0         0         0         0         0         0         0         0         0         0         0         0         0         0         1         0       
   0         0         0         0         0         0         0         0         0         0         0         0         0         0         0         0         0         0         0         0         0         0         0         0         0         0         0         0         0         0         0         0         0         0         1       
   0         1         1         0.94     -0.096     0.14     -0.1       0.7      -0.019    -0.11     -0.12      0.065     0         0         0         0         0         0         0         0         0         0         0         0         0         0         0         0         0         0         0         0         0         0         0       
   0        -1         1        -0.64     -0.097    -0.13     -0.1      -0.63      0.01     -0.11     -0.12     -0.0047    0         0         0         0         0         0         0         0         0         0         0         0         0         0         0         0         0         0         0         0         0         0         0       
  -1         0         1         0.14      0.69      0.15      0.59      0.036     0.027     0.24     -0.067     0.03      0         0         0         0         0         0         0         0         0         0         0         0         0         0         0         0         0         0         0         0         0         0         0       
   1         0         1         0.16     -0.89     -0.14     -0.79      0.028    -0.036    -0.47     -0.17      0.03      0         0         0         0         0         0         0         0         0         0         0         0         0         0         0         0         0         0         0         0         0         0         0       
   0         1         1         0.88     -0.096     0.14     -0.1       0.64     -0.011    -0.11     -0.12      0.0047    0         0         0         0         0         0         0         0         0         0         0         0         0         0         0         0         0         0         0         0         0         0         0       
   0        -1         1        -0.7      -0.097    -0.13     -0.1      -0.69      0.019    -0.11     -0.12     -0.065     0         0         0         0         0         0         0         0         0         0         0         0         0         0         0         0         0         0         0         0         0         0         0       
  -1         0         1         0.085     0.69      0.092     0.59     -0.032    -0.024     0.24     -0.067    -0.03      0         0         0         0         0         0         0         0         0         0         0         0         0         0         0         0         0         0         0         0         0         0         0       
   1         0         1         0.093    -0.89     -0.084    -0.79     -0.023     0.032    -0.47     -0.17     -0.03      0         0         0         0         0         0         0         0         0         0         0         0         0         0         0         0         0         0         0         0         0         0         0       
   0         1         1         0.7       0.073    -0.042     0         0         0         0         0         0         0.069     0.67     -0.19      0.057     0.05      0.06      0         0         0         0         0         0         0         0         0         0         0         0         0         0         0         0         0       
   0        -1         1        -0.89      0.073     0.034     0         0         0         0         0         0         0.068    -0.62      0.18      0.056     0.05     -0.01      0         0         0         0         0         0         0         0         0         0         0         0         0         0         0         0         0       
  -1         0         1        -0.09      0.86     -0.098     0         0         0         0         0         0         0.76      0.025     0.02      0.41      0.1       0.025     0         0         0         0         0         0         0         0         0         0         0         0         0         0         0         0         0       
   1         0         1        -0.097    -0.72      0.09      0         0         0         0         0         0        -0.62      0.02     -0.026    -0.3      -0.0022    0.025     0         0         0         0         0         0         0         0         0         0         0         0         0         0         0         0         0       
   0         1         1         0.65      0.073    -0.044     0         0         0         0         0         0         0.069     0.62     -0.18      0.057     0.05      0.0099    0         0         0         0         0         0         0         0         0         0         0         0         0         0         0         0         0       
   0        -1         1        -0.94      0.073     0.032     0         0         0         0         0         0         0.068    -0.67      0.19      0.056     0.05     -0.06      0         0         0         0         0         0         0         0         0         0         0         0         0         0         0         0         0       
  -1         0         1        -0.14      0.86     -0.15      0         0         0         0         0         0         0.76     -0.031    -0.023     0.41      0.1      -0.025     0         0         0         0         0         0         0         0         0         0         0         0         0         0         0         0         0       
   1         0         1        -0.15     -0.72      0.14      0         0         0         0         0         0        -0.62     -0.023     0.031    -0.3      -0.0022   -0.025     0         0         0         0         0         0         0         0         0         0         0         0         0         0         0         0         0       
   0         1         1         0.7      -0.097     0.13      0         0         0         0         0         0        -0.1       0.69     -0.018    -0.11     -0.12      0.065     0         0         0         0         0         0         0         0         0         0         0         0         0         0         0         0         0       
   0        -1         1        -0.88     -0.097    -0.14      0         0         0         0         0         0        -0.1      -0.64      0.011    -0.11     -0.12     -0.0047    0         0         0         0         0         0         0         0         0         0         0         0         0         0         0         0         0       
  -1         0         1        -0.085     0.69     -0.093     0         0         0         0         0         0         0.59      0.031     0.024     0.24     -0.067     0.03      0         0         0         0         0         0         0         0         0         0         0         0         0         0         0         0         0       
   1         0         1        -0.092    -0.89      0.085     0         0         0         0         0         0        -0.79      0.024    -0.032    -0.47     -0.17      0.03      0         0         0         0         0         0         0         0         0         0         0         0         0         0         0         0         0       
   0         1         1         0.64     -0.097     0.13      0         0         0         0         0         0        -0.1       0.63     -0.01     -0.11     -0.12      0.0047    0         0         0         0         0         0         0         0         0         0         0         0         0         0         0         0         0       
   0        -1         1        -0.94     -0.097    -0.14      0         0         0         0         0         0        -0.1      -0.7       0.019    -0.11     -0.12     -0.065     0         0         0         0         0         0         0         0         0         0         0         0         0         0         0         0         0       
  -1         0         1        -0.14      0.69     -0.16      0         0         0         0         0         0         0.59     -0.037    -0.027     0.24     -0.067    -0.03      0         0         0         0         0         0         0         0         0         0         0         0         0         0         0         0         0       
   1         0         1        -0.15     -0.89      0.14      0         0         0         0         0         0        -0.79     -0.027     0.036    -0.47     -0.17     -0.03      0         0         0         0         0         0         0         0         0         0         0         0         0         0         0         0         0       

IEFC_J
   0         0         0         0         0         0         1         0         0         0         0         0         0         0         0         0         0         0         0         0         0         0         0         0         0         0         0         0         0         0         0         0         0         0         0       
   0         0         0         0         0         0         0         1         0         0         0         0         0         0         0         0         0         0         0         0         0         0         0         0         0         0         0         0         0         0         0         0         0         0         0       
   0         0         0         0         0         0         0         0         1         0         0         0         0         0         0         0         0         0         0         0         0         0         0         0         0         0         0         0         0         0         0         0         0         0         0       
   0         0         0         0         0         0         0         0         0         1         0         0         0         0         0         0         0         0         0         0         0         0         0         0         0         0         0         0         0         0         0         0         0         0         0       
   0         0         0         0         0         0         0         0         0         0         1         0         0         0         0         0         0         0         0         0         0         0         0         0         0         0         0         0         0         0         0         0         0         0         0       
   0         0         0         0         0         0         0         0         0         0         0         1         0         0         0         0         0         0         0         0         0         0         0         0         0         0         0         0         0         0         0         0         0         0         0       
   0         0         0         0         0         0         0         0         0         0         0         0         1         0         0         0         0         0         0         0         0         0         0         0         0         0         0         0         0         0         0         0         0         0         0       
   0         0         0         0         0         0         0         0         0         0         0         0         0         1         0         0         0         0         0         0         0         0         0         0         0         0         0         0         0         0         0         0         0         0         0       
   0         0         0         0         0         0         0         0         0         0         0         0         0         0         1         0         0         0         0         0         0         0         0         0         0         0         0         0         0         0         0         0         0         0         0       
   0         0         0         0         0         0         0         0         0         0         0         0         0         0         0         1         0         0         0         0         0         0         0         0         0         0         0         0         0         0         0         0         0         0         0       
   0         0         0         0         0         0         0         0         0         0         0         0         0         0         0         0         1         0         0         0         0         0         0         0         0         0         0         0         0         0         0         0         0         0         0       
   0         0         0         0         0         0         0         0         0         0         0         0         0         0         0         0         0         1         0         0         0         0         0         0         0         0         0         0         0         0         0         0         0         0         0       
   0         0         0         0         0         0         0         0         0         0         0         0         0         0         0         0         0         0         1         0         0         0         0         0         0         0         0         0         0         0         0         0         0         0         0       
   0         0         0         0         0         0         0         0         0         0         0         0         0         0         0         0         0         0         0         1         0         0         0         0         0         0         0         0         0         0         0         0         0         0         0       
   0         0         0         0         0         0         0         0         0         0         0         0         0         0         0         0         0         0         0         0         1         0         0         0         0         0         0         0         0         0         0         0         0         0         0       
   0         0         0         0         0         0         0         0         0         0         0         0         0         0         0         0         0         0         0         0         0         1         0         0         0         0         0         0         0         0         0         0         0         0         0       
   0         0         0         0         0         0         0         0         0         0         0         0         0         0         0         0         0         0         0         0         0         0         1         0         0         0         0         0         0         0         0         0         0         0         0       
   0         0         0         0         0         0         0         0         0         0         0         0         0         0         0         0         0         0         0         0         0         0         0         1         0         0         0         0         0         0         0         0         0         0         0       
   0         0         0         0         0         0         0         0         0         0         0         0         0         0         0         0         0         0         0         0         0         0         0         0         1         0         0         0         0         0         0         0         0         0         0       
   0         0         0         0         0         0         0         0         0         0         0         0         0         0         0         0         0         0         0         0         0         0         0         0         0         1         0         0         0         0         0         0         0         0         0       
   0         0         0         0         0         0         0         0         0         0         0         0         0         0         0         0         0         0         0         0         0         0         0         0         0         0         1         0         0         0         0         0         0         0         0       
   0         0         0         0         0         0         0         0         0         0         0         0         0         0         0         0         0         0         0         0         0         0         0         0         0         0         0         1         0         0         0         0         0         0         0       
   0         0         0         0         0         0         0         0         0         0         0         0         0         0         0         0         0         0         0         0         0         0         0         0         0         0         0         0         1         0         0         0         0         0         0       
   0         0         0         0         0         0         0         0         0         0         0         0         0         0         0         0         0         0         0         0         0         0         0         0         0         0         0         0         0         1         0         0         0         0         0       
   0         0         0         0         0         0         0         0         0         0         0         0         0         0         0         0         0         0         0         0         0         0         0         0         0         0         0         0         0         0         1         0         0         0         0       
   0         0         0         0         0         0         0         0         0         0         0         0         0         0         0         0         0         0         0         0         0         0         0         0         0         0         0         0         0         0         0         1         0         0         0       
   0         0         0         0         0         0         0         0         0         0         0         0         0         0         0         0         0         0         0         0         0         0         0         0         0         0         0         0         0         0         0         0         1         0         0       
   0         0         0         0         0         0         0         0         0         0         0         0         0         0         0         0         0         0         0         0         0         0         0         0         0         0         0         0         0         0         0         0         0         1         0       
   0         0         0         0         0         0         0         0         0         0         0         0         0         0         0         0         0         0         0         0         0         0         0         0         0         0         0         0         0         0         0         0         0         0         1       
   0         1         1         0.94     -0.096     0.14     -0.1       0.7      -0.019    -0.11     -0.12      0.065     0         0         0         0         0         0         0         0         0         0         0         0         0         0         0         0         0         0         0         0         0         0         0       
   0        -1         1        -0.64     -0.097    -0.13     -0.1      -0.63      0.01     -0.11     -0.12     -0.0047    0         0         0         0         0         0         0         0         0         0         0         0         0         0         0         0         0         0         0         0         0         0         0       
  -1         0         1         0.14      0.69      0.15      0.59      0.036     0.027     0.24     -0.067     0.03      0         0         0         0         0         0         0         0         0         0         0         0         0         0         0         0         0         0         0         0         0         0         0       
   1         0         1         0.16     -0.89     -0.14     -0.79      0.028    -0.036    -0.47     -0.17      0.03      0         0         0         0         0         0         0         0         0         0         0         0         0         0         0         0         0         0         0         0         0         0         0       
   0         1         1         0.88     -0.096     0.14     -0.1       0.64     -0.011    -0.11     -0.12      0.0047    0         0         0         0         0         0         0         0         0         0         0         0         0         0         0         0         0         0         0         0         0         0         0       
   0        -1         1        -0.7      -0.097    -0.13     -0.1      -0.69      0.019    -0.11     -0.12     -0.065     0         0         0         0         0         0         0         0         0         0         0         0         0         0         0         0         0         0         0         0         0         0         0       
  -1         0         1         0.085     0.69      0.092     0.59     -0.032    -0.024     0.24     -0.067    -0.03      0         0         0         0         0         0         0         0         0         0         0         0         0         0         0         0         0         0         0         0         0         0         0       
   1         0         1         0.093    -0.89     -0.084    -0.79     -0.023     0.032    -0.47     -0.17     -0.03      0         0         0         0         0         0         0         0         0         0         0         0         0         0         0         0         0         0         0         0         0         0         0       
   0         1         1         0.7       0.073    -0.042     0         0         0         0         0         0         0.069     0.67     -0.19      0.057     0.05      0.06      0         0         0         0         0         0         0         0         0         0         0         0         0         0         0         0         0       
   0        -1         1        -0.89      0.073     0.034     0         0         0         0         0         0         0.068    -0.62      0.18      0.056     0.05     -0.01      0         0         0         0         0         0         0         0         0         0         0         0         0         0         0         0         0       
  -1         0         1        -0.09      0.86     -0.098     0         0         0         0         0         0         0.76      0.025     0.02      0.41      0.1       0.025     0         0         0         0         0         0         0         0         0         0         0         0         0         0         0         0         0       
   1         0         1        -0.097    -0.72      0.09      0         0         0         0         0         0        -0.62      0.02     -0.026    -0.3      -0.0022    0.025     0         0         0         0         0         0         0         0         0         0         0         0         0         0         0         0         0       
   0         1         1         0.65      0.073    -0.044     0         0         0         0         0         0         0.069     0.62     -0.18      0.057     0.05      0.0099    0         0         0         0         0         0         0         0         0         0         0         0         0         0         0         0         0       
   0        -1         1        -0.94      0.073     0.032     0         0         0         0         0         0         0.068    -0.67      0.19      0.056     0.05     -0.06      0         0         0         0         0         0         0         0         0         0         0         0         0         0         0         0         0       
  -1         0         1        -0.14      0.86     -0.15      0         0         0         0         0         0         0.76     -0.031    -0.023     0.41      0.1      -0.025     0         0         0         0         0         0         0         0         0         0         0         0         0         0         0         0         0       
   1         0         1        -0.15     -0.72      0.14      0         0         0         0         0         0        -0.62     -0.023     0.031    -0.3      -0.0022   -0.025     0         0         0         0         0         0         0         0         0         0         0         0         0         0         0         0         0       
   0         1         1         0.7      -0.097     0.13      0         0         0         0         0         0        -0.1       0.69     -0.018    -0.11     -0.12      0.065     0         0         0         0         0         0         0         0         0         0         0         0         0         0         0         0         0       
   0        -1         1        -0.88     -0.097    -0.14      0         0         0         0         0         0        -0.1      -0.64      0.011    -0.11     -0.12     -0.0047    0         0         0         0         0         0         0         0         0         0         0         0         0         0         0         0         0       
  -1         0         1        -0.085     0.69     -0.093     0         0         0         0         0         0         0.59      0.031     0.024     0.24     -0.067     0.03      0         0         0         0         0         0         0         0         0         0         0         0         0         0         0         0         0       
   1         0         1        -0.092    -0.89      0.085     0         0         0         0         0         0        -0.79      0.024    -0.032    -0.47     -0.17      0.03      0         0         0         0         0         0         0         0         0         0         0         0         0         0         0         0         0       
   0         1         1         0.64     -0.097     0.13      0         0         0         0         0         0        -0.1       0.63     -0.01     -0.11     -0.12      0.0047    0         0         0         0         0         0         0         0         0         0         0         0         0         0         0         0         0       
   0        -1         1        -0.94     -0.097    -0.14      0         0         0         0         0         0        -0.1      -0.7       0.019    -0.11     -0.12     -0.065     0         0         0         0         0         0         0         0         0         0         0         0         0         0         0         0         0       
  -1         0         1        -0.14      0.69     -0.16      0         0         0         0         0         0         0.59     -0.037    -0.027     0.24     -0.067    -0.03      0         0         0         0         0         0         0         0         0         0         0         0         0         0         0         0         0       
   1         0         1        -0.15     -0.89      0.14      0         0         0         0         0         0        -0.79     -0.027     0.036    -0.47     -0.17     -0.03      0         0         0         0         0         0         0         0         0         0         0         0         0         0         0         0         0       

EFC_POS
   0       
   0       
   0       
   0       
   0       
   0       
   0       
   0       
   0       
   0       
   0       
   0       
   0       
   0       
   0       
   0       
   0       
   0       
   0       
   0       
   0       
   0       
   0       
   0       
   0       
   0       
   0       
   0       
   0       
  -0.00066 
  -0.00066 
  -0.00066 
  -0.00066 
  -0.00067 
  -0.00067 
  -0.00067 
  -0.00067 
  -0.00011 
  -0.00011 
  -0.00011 
  -0.00011 
  -0.0001  
  -0.0001  
  -0.0001  
  -0.0001  
  -0.00066 
  -0.00066 
  -0.00066 
  -0.00066 
  -0.00065 
  -0.00065 
  -0.00065 
  -0.00065 

EFC_MARGIN
   0       
   0       
   0       
   0       
   0       
   0       
   0       
   0       
   0       
   0       
   0       
   0       
   0       
   0       
   0       
   0       
   0       
   0       
   0       
   0       
   0       
   0       
   0       
   0       
   0       
   0       
   0       
   0       
   0       
   0       
   0       
   0       
   0       
   0       
   0       
   0       
   0       
   0       
   0       
   0       
   0       
   0       
   0       
   0       
   0       
   0       
   0       
   0       
   0       
   0       
   0       
   0       
   0       

EFC_FRICTIONLOSS
   0.1     
   0.1     
   0.1     
   0.1     
   0.1     
   0.1     
   0.1     
   0.1     
   0.1     
   0.1     
   0.1     
   0.1     
   0.1     
   0.1     
   0.1     
   0.05    
   0.05    
   0.05    
   0.05    
   0.05    
   0.05    
   0.05    
   0.05    
   0.05    
   0.05    
   0.05    
   0.05    
   0.05    
   0.05    
   0       
   0       
   0       
   0       
   0       
   0       
   0       
   0       
   0       
   0       
   0       
   0       
   0       
   0       
   0       
   0       
   0       
   0       
   0       
   0       
   0       
   0       
   0       
   0       

EFC_DIAGAPPROX
   18      
   8.2     
   60      
   26      
   3.2e+02 
   7.5e+02 
   18      
   8.2     
   60      
   26      
   3.2e+02 
   7.5e+02 
   20      
   7.7     
   23      
   20      
   24      
   55      
   66      
   1.9e+02 
   3.3e+02 
   4.7e+02 
   20      
   24      
   55      
   66      
   1.9e+02 
   3.3e+02 
   4.7e+02 
   2.4     
   2.4     
   2.4     
   2.4     
   2.4     
   2.4     
   2.4     
   2.4     
   2.4     
   2.4     
   2.4     
   2.4     
   2.4     
   2.4     
   2.4     
   2.4     
   2.4     
   2.4     
   2.4     
   2.4     
   2.4     
   2.4     
   2.4     
   2.4     

EFC_KBIP
   0         1.1e+02   0.9       0       
   0         1.1e+02   0.9       0       
   0         1.1e+02   0.9       0       
   0         1.1e+02   0.9       0       
   0         1.1e+02   0.9       0       
   0         1.1e+02   0.9       0       
   0         1.1e+02   0.9       0       
   0         1.1e+02   0.9       0       
   0         1.1e+02   0.9       0       
   0         1.1e+02   0.9       0       
   0         1.1e+02   0.9       0       
   0         1.1e+02   0.9       0       
   0         1.1e+02   0.9       0       
   0         1.1e+02   0.9       0       
   0         1.1e+02   0.9       0       
   0         1.1e+02   0.9       0       
   0         1.1e+02   0.9       0       
   0         1.1e+02   0.9       0       
   0         1.1e+02   0.9       0       
   0         1.1e+02   0.9       0       
   0         1.1e+02   0.9       0       
   0         1.1e+02   0.9       0       
   0         1.1e+02   0.9       0       
   0         1.1e+02   0.9       0       
   0         1.1e+02   0.9       0       
   0         1.1e+02   0.9       0       
   0         1.1e+02   0.9       0       
   0         1.1e+02   0.9       0       
   0         1.1e+02   0.9       0       
   2.8e+03   1.1e+02   0.94     -69      
   2.8e+03   1.1e+02   0.94     -69      
   2.8e+03   1.1e+02   0.94     -69      
   2.8e+03   1.1e+02   0.94     -69      
   2.8e+03   1.1e+02   0.94     -66      
   2.8e+03   1.1e+02   0.94     -66      
   2.8e+03   1.1e+02   0.94     -66      
   2.8e+03   1.1e+02   0.94     -66      
   2.8e+03   1.1e+02   0.9      -21      
   2.8e+03   1.1e+02   0.9      -21      
   2.8e+03   1.1e+02   0.9      -21      
   2.8e+03   1.1e+02   0.9      -21      
   2.8e+03   1.1e+02   0.9      -20      
   2.8e+03   1.1e+02   0.9      -20      
   2.8e+03   1.1e+02   0.9      -20      
   2.8e+03   1.1e+02   0.9      -20      
   2.8e+03   1.1e+02   0.94     -68      
   2.8e+03   1.1e+02   0.94     -68      
   2.8e+03   1.1e+02   0.94     -68      
   2.8e+03   1.1e+02   0.94     -68      
   2.8e+03   1.1e+02   0.94     -69      
   2.8e+03   1.1e+02   0.94     -69      
   2.8e+03   1.1e+02   0.94     -69      
   2.8e+03   1.1e+02   0.94     -69      

EFC_D
   0.5     
   1.1     
   0.15    
   0.34    
   0.028   
   0.012   
   0.5     
   1.1     
   0.15    
   0.34    
   0.028   
   0.012   
   0.46    
   1.2     
   0.39    
   0.46    
   0.37    
   0.16    
   0.14    
   0.048   
   0.027   
   0.019   
   0.45    
   0.37    
   0.16    
   0.14    
   0.048   
   0.027   
   0.019   
   6.3     
   6.3     
   6.3     
   6.3     
   6.3     
   6.3     
   6.3     
   6.3     
   3.8     
   3.8     
   3.8     
   3.8     
   3.7     
   3.7     
   3.7     
   3.7     
   6.3     
   6.3     
   6.3     
   6.3     
   6.2     
   6.2     
   6.2     
   6.2     

EFC_R
   2       
   0.91    
   6.7     
   2.9     
   36      
   84      
   2       
   0.91    
   6.7     
   2.9     
   36      
   84      
   2.2     
   0.85    
   2.5     
   2.2     
   2.7     
   6.2     
   7.3     
   21      
   37      
   52      
   2.2     
   2.7     
   6.2     
   7.4     
   21      
   37      
   52      
   0.16    
   0.16    
   0.16    
   0.16    
   0.16    
   0.16    
   0.16    
   0.16    
   0.27    
   0.27    
   0.27    
   0.27    
   0.27    
   0.27    
   0.27    
   0.27    
   0.16    
   0.16    
   0.16    
   0.16    
   0.16    
   0.16    
   0.16    
   0.16    

ACTUATOR_VELOCITY
   0.37    
   0.0046  
  -0.0034  
  -0.042   
   0.038   
   0.0011  
   0.36    
   0.0055  
   0.002   
  -0.042   
   0.042   
  -0.0039  
  -0.00087 
   0.0073  
   0.42    
  -0.54    
  -0.91    
   1.9     
   1.7     
  -3.9     
  -2.1     
  -2.7     
  -0.53    
   0.91    
  -1.9     
   1.6     
   3.9     
  -2.1     
   2.7     

CVEL
   0         0         0         0         0         0       
  -0.0032   -0.33     -0.0045    5.4e-05  -0.00075   0.015   
  -0.003     0.034    -0.0044    0.011    -0.00075   0.0066  
   0.0015    0.034    -0.0038    0.011    -0.001     0.006   
   0.002     0.034    -0.0071    0.011    -0.001     0.006   
   0.002    -0.0079   -0.0071   -0.0046   -0.001     0.0075  
   0.002     0.03     -0.0071    0.021    -0.001     0.0059  
   0.0031    0.03     -0.0071    0.021    -0.0018    0.0057  
  -0.003     0.032    -0.0044    0.011    -0.00075   0.0066  
   0.0024    0.032    -0.0036    0.011    -0.0011    0.0073  
   0.0021    0.032    -0.0016    0.011    -0.001     0.0072  
   0.0021   -0.011    -0.0016   -0.0049   -0.001     0.0087  
   0.0021    0.032    -0.0016    0.023    -0.0011    0.007   
  -0.0018    0.032    -0.0016    0.023     0.0016    0.0065  
  -0.0032   -0.33     -0.0054    5.4e-05  -0.00077   0.015   
   0.0041   -0.33     -0.0057    5.4e-05   1e-05     0.015   
   0.0042    0.083    -0.0057   -0.053     2.7e-05   0.0067  
  -0.005    -0.44     -0.15      0.12     -0.0036    0.0086  
  -0.91     -0.44     -0.096     0.13     -0.33      0.14    
  -0.79     -0.44      1.8       0.41     -0.28      0.12    
  -0.75      1.2       1.8       0.11     -0.27      0.11    
  -4.7       1.3       2.2       0.15     -0.93      0.69    
  -4.7      -0.78      2.3       0.49     -0.95      0.41    
  -5.2      -0.92     -0.33      0.14     -0.55      0.46    
   0.013    -0.43      0.14      0.12      0.0035    0.0086  
   0.92     -0.43      0.082     0.13      0.33      0.14    
   0.8      -0.43     -1.8       0.4       0.28      0.12    
   0.75      1.2      -1.8       0.11      0.27      0.11    
   4.7       1.3      -2.2       0.15      0.93      0.69    
   4.7      -0.75     -2.3       0.49      0.95      0.41    
   5.2      -0.89      0.32      0.13      0.55      0.46    

CDOF_DOT
   0         0         0         0         0         0       
   0         0         0         0         0         0       
   0         0         0         0         0         0       
   0         0        -0         2.2e-05   0.0078    0.00044 
   0         0         0        -0.0089    1.1e-05  -0.024   
   0         0        -0        -0.00043   0.025     2.7e-05 
   0.0044   -6.4e-07  -0.0031   -0.0074   -0.0002    0.01    
   0.0047   -0.0039   -0.033    -0.0042    0.0046    0.00037 
   0.033    -0.00098   0.0047   -0.00043  -0.012    -0.004   
   0.0071   -2.3e-06   0.002    -0.0072   -0.0025   -0.0017  
   0.0071   -2.3e-06   0.002    -0.0071   -0.0046    0.00069 
  -0.00012  -0.0071   -0.03     -0.0085    0.0062   -0.0003  
   0.0044   -6.4e-07  -0.0031   -0.0074   -0.0002    0.01    
   0.0044   -0.0039   -0.031     0.0033    0.0055    0.0014  
   0.031    -0.0019    0.0044   -0.0015   -0.011     0.0035  
   0.0016    5e-08     0.0021   -0.0083   -0.00052  -0.001   
   0.0016    5e-08     0.0021   -0.0083   -0.00099   0.0022  
  -0.0001   -0.0016   -0.032     0.0026    0.0068   -0.00042 
  -0.33      0.003     0.015    -0.00065   0.00061  -5.8e-05 
   0.015    -0.0055    0.33      0.00058   0.015     0.00044 
   0.0057   -2.2e-06   0.0042   -0.0083    0.00081  -0.042   
   0.028    -0.0013    0.0026   -0.0067    0.016    -0.024   
   0.028    -0.15      0.44      0.12      0.017    -0.0021  
  -0.44      0.9       0.027    -0.32     -0.14      0.062   
  -1.8       0.043    -0.78     -0.12     -0.32      0.33    
  -0.069     1.7      -1.2      -0.45     -0.0024    0.16    
  -2.2      -0.22     -4.7      -0.48      0.3       0.33    
  -0.88      5        -0.096    -0.59     -0.19      1       
  -0.017     0.0013    0.0054   -0.0067   -0.013    -0.024   
   0.028     0.14      0.43     -0.11      0.016     0.0051  
  -0.43     -0.91      0.026     0.32     -0.14     -0.061   
   1.8       0.047     0.79     -0.13      0.32      0.33    
  -0.064    -1.7      -1.2       0.45     -0.0033   -0.16    
   2.2      -0.22      4.7      -0.49     -0.3       0.33    
  -0.86     -5.1      -0.1       0.59     -0.18     -1       

QFRC_BIAS
  -1.8     
  -0.0014  
   3.5e+02 
   0.038   
  -6.8     
   0.0072  
  -0.56    
  -0.061   
   0.0059  
  -0.16    
  -0.15    
   2.7e-05 
  -0.56    
   0.064   
  -0.0065  
  -0.17    
  -0.15    
   3.8e-06 
   0.0069  
   0.029   
  -6.5     
  -1.6     
   0.17    
   0.096   
  -1.9     
   0.0038  
  -0.44    
   0.029   
  -1.6     
  -0.17    
  -0.093   
  -1.9     
  -0.0037  
  -0.44    
  -0.028   

QFRC_SPRING
   0       
   0       
   0       
   0       
   0       
   0       
   0       
   0       
   0       
   0       
   0       
   0       
   0       
   0       
   0       
   0       
   0       
   0       
   0       
   0       
   0       
   0       
   0       
   0       
   0       
   0       
   0       
   0       
   0       
   0       
   0       
   0       
   0       
   0       
   0       

QFRC_DAMPER
   0       
   0       
   0       
   0       
   0       
   0       
  -1.8     
  -0.023   
   0.017   
   0.33    
  -0.077   
  -0.0022  
  -1.8     
  -0.028   
  -0.01    
   0.34    
  -0.085   
   0.0079  
   0.0043  
  -0.015   
  -0.83    
   0.54    
   0.91    
  -1.9     
  -1.7     
   3.9     
   2.1     
   2.7     
   0.53    
  -0.91    
   1.9     
  -1.6     
  -3.9     
   2.1     
  -2.7     

QFRC_GRAVCOMP
   0       
   0       
   0       
   0       
   0       
   0       
   0       
   0       
   0       
   0       
   0       
   0       
   0       
   0       
   0       
   0       
   0       
   0       
   0       
   0       
   0       
   0       
   0       
   0       
   0       
   0       
   0       
   0       
   0       
   0       
   0       
   0       
   0       
   0       
   0       

QFRC_FLUID
   0       
   0       
   0       
   0       
   0       
   0       
   0       
   0       
   0       
   0       
   0       
   0       
   0       
   0       
   0       
   0       
   0       
   0       
   0       
   0       
   0       
   0       
   0       
   0       
   0       
   0       
   0       
   0       
   0       
   0       
   0       
   0       
   0       
   0       
   0       

QFRC_PASSIVE
   0       
   0       
   0       
   0       
   0       
   0       
  -1.8     
  -0.023   
   0.017   
   0.33    
  -0.077   
  -0.0022  
  -1.8     
  -0.028   
  -0.01    
   0.34    
  -0.085   
   0.0079  
   0.0043  
  -0.015   
  -0.83    
   0.54    
   0.91    
  -1.9     
  -1.7     
   3.9     
   2.1     
   2.7     
   0.53    
  -0.91    
   1.9     
  -1.6     
  -3.9     
   2.1     
  -2.7     

EFC_VEL
   0.37    
   0.0046  
  -0.0034  
  -0.042   
   0.038   
   0.0011  
   0.36    
   0.0055  
   0.002   
  -0.042   
   0.042   
  -0.0039  
  -0.00087 
   0.0073  
   0.42    
  -0.54    
  -0.91    
   1.9     
   1.7     
  -3.9     
  -2.1     
  -2.7     
  -0.53    
   0.91    
  -1.9     
   1.6     
   3.9     
  -2.1     
   2.7     
   0.0037  
   0.0039  
   0.0037  
   0.0039  
   0.0035  
   0.0037  
   0.0039  
   0.0033  
   0.01    
   0.0091  
   0.0092  
   0.0099  
   0.01    
   0.0092  
   0.0094  
   0.0099  
   0.0044  
   0.0039  
   0.0038  
   0.0045  
   0.0045  
   0.0041  
   0.004   
   0.0045  

EFC_AREF
  -39      
  -0.48    
   0.35    
   4.4     
  -4       
  -0.12    
  -38      
  -0.58    
  -0.21    
   4.5     
  -4.5     
   0.41    
   0.091   
  -0.77    
  -44      
   57      
   95      
  -2e+02   
  -1.7e+02 
   4.1e+02 
   2.2e+02 
   2.8e+02 
   56      
  -96      
   2e+02   
  -1.7e+02 
  -4.1e+02 
   2.2e+02 
  -2.8e+02 
   1.3     
   1.3     
   1.3     
   1.3     
   1.4     
   1.3     
   1.3     
   1.4     
  -0.8     
  -0.69    
  -0.71    
  -0.78    
  -0.81    
  -0.71    
  -0.73    
  -0.79    
   1.2     
   1.3     
   1.3     
   1.2     
   1.2     
   1.3     
   1.3     
   1.2     

SUBTREE_LINVEL
   0         0         0       
   0         0         0       
   0         0         0       
   0         0         0       
   0         0         0       
   0         0         0       
   0         0         0       
   0         0         0       
   0         0         0       
   0         0         0       
   0         0         0       
   0         0         0       
   0         0         0       
   0         0         0       
   0         0         0       
   0         0         0       
   0         0         0       
   0         0         0       
   0         0         0       
   0         0         0       
   0         0         0       
   0         0         0       
   0         0         0       
   0         0         0       
   0         0         0       
   0         0         0       
   0         0         0       
   0         0         0       
   0         0         0       
   0         0         0       
   0         0         0       

SUBTREE_ANGMOM
   0         0         0       
   0         0         0       
   0         0         0       
   0         0         0       
   0         0         0       
   0         0         0       
   0         0         0       
   0         0         0       
   0         0         0       
   0         0         0       
   0         0         0       
   0         0         0       
   0         0         0       
   0         0         0       
   0         0         0       
   0         0         0       
   0         0         0       
   0         0         0       
   0         0         0       
   0         0         0       
   0         0         0       
   0         0         0       
   0         0         0       
   0         0         0       
   0         0         0       
   0         0         0       
   0         0         0       
   0         0         0       
   0         0         0       
   0         0         0       
   0         0         0       

ACTUATOR_FORCE
  -4       
  -0.12    
   0.014   
   6.7     
   6.1     
   0.052   
  -4       
   0.16    
  -0.054   
   6.8     
   6.3     
  -0.035   
  -0.0038  
  -0.061   
  -15      
   9.3     
   19      
  -27      
  -45      
   1e+02   
   2.7     
   42      
   9.1     
  -19      
   26      
  -45      
  -1e+02   
   1.7     
  -42      

QFRC_ACTUATOR
   0       
   0       
   0       
   0       
   0       
   0       
  -4       
  -0.12    
   0.014   
   6.7     
   6.1     
   0.052   
  -4       
   0.16    
  -0.054   
   6.8     
   6.3     
  -0.035   
  -0.0038  
  -0.061   
  -15      
   9.3     
   19      
  -25      
  -25      
   25      
   2.7     
   5       
   9.1     
  -19      
   25      
  -25      
  -25      
   1.7     
  -5       

QFRC_SMOOTH
   1.8     
   0.0014  
  -3.5e+02 
  -0.038   
   6.8     
  -0.0072  
  -5.3     
  -0.087   
   0.024   
   7.2     
   6.2     
   0.05    
  -5.3     
   0.064   
  -0.058   
   7.4     
   6.3     
  -0.027   
  -0.0064  
  -0.11    
  -9.1     
   11      
   19      
  -27      
  -25      
   29      
   5.2     
   7.6     
   11      
  -19      
   27      
  -25      
  -29      
   4.2     
  -7.6     

QACC_SMOOTH
   29      
  -0.16    
  -22      
   0.66    
   4.7e+02 
   0.16    
  -5.6e+02 
  -2.6     
  -7.8     
   65      
   1.7e+03 
   40      
  -5.6e+02 
   0.95    
   5.5     
   64      
   1.7e+03 
  -22      
   2.6     
  -2.2     
  -6e+02   
   6.2e+02 
   1.1e+03 
  -2.5e+03 
  -2.2e+03 
   5.4e+03 
   3.6e+03 
   5.4e+03 
   6.2e+02 
  -1.1e+03 
   2.5e+03 
  -2.1e+03 
  -5.3e+03 
   3.3e+03 
  -5.4e+03 

EFC_B
  -5.2e+02 
  -2.1     
  -8.1     
   60      
   1.7e+03 
   40      
  -5.2e+02 
   1.5     
   5.7     
   59      
   1.7e+03 
  -23      
   2.5     
  -1.4     
  -5.5e+02 
   5.6e+02 
   1e+03   
  -2.3e+03 
  -2e+03   
   4.9e+03 
   3.4e+03 
   5.1e+03 
   5.7e+02 
  -1e+03   
   2.3e+03 
  -1.9e+03 
  -4.9e+03 
   3.1e+03 
  -5.1e+03 
  -2.2e+02 
  -2.2e+02 
  -1.5e+02 
  -2.9e+02 
  -2.2e+02 
  -2.2e+02 
  -1.5e+02 
  -2.9e+02 
   63      
   65      
   1.3e+02 
  -4.7     
   64      
   66      
   1.3e+02 
  -3.4     
  -2.2e+02 
  -2.2e+02 
  -1.6e+02 
  -2.9e+02 
  -2.2e+02 
  -2.2e+02 
  -1.5e+02 
  -2.9e+02 

EFC_FORCE
   0.1     
  -0.1     
   0.1     
  -0.1     
   0.1     
   0.078   
   0.1     
  -0.1     
   0.1     
  -0.1     
   0.1     
   0.082   
   0.1     
  -0.1     
   0.1     
  -0.05    
  -0.05    
   0.05    
   0.05    
  -0.05    
  -0.05    
  -0.05    
  -0.05    
   0.05    
  -0.05    
   0.05    
   0.05    
  -0.05    
   0.05    
   6.4     
   7.2     
   8.7     
   4.9     
   7       
   7.8     
   8.1     
   6.8     
   18      
   18      
   17      
   18      
   18      
   18      
   17      
   18      
   13      
   14      
   13      
   15      
   13      
   14      
   13      
   15      

EFC_STATE
  2
  2
  2
  3
  3
  3
  2
  3
  3
  3
  3
  2
  3
  2
  2
  3
  3
  2
  2
  3
  3
  3
  3
  2
  3
  2
  2
  3
  2
  1
  1
  1
  1
  1
  1
  1
  1
  0
  0
  0
  1
  0
  0
  0
  1
  1
  1
  1
  1
  1
  1
  1
  1

QFRC_CONSTRAINT
   0.85    
  -3.6     
   3.1e+02 
  -26      
  -6.5     
  -0.13    
  -2.2     
  -1.1     
   0.2     
  -4.8     
  -6.4     
  -0.054   
  -5.5     
  -1.9     
   0.21    
  -6.7     
  -6.4     
   0.021   
   0.1     
  -0.1     
   0.1     
  -0.05    
  -0.05    
   0.05    
   0.05    
  -0.05    
  -0.05    
  -0.05    
  -0.05    
   0.05    
  -0.05    
   0.05    
   0.05    
  -0.05    
   0.05    

QFRC_INVERSE
   0       
   0       
   0       
   0       
   0       
   0       
   0       
   0       
   0       
   0       
   0       
   0       
   0       
   0       
   0       
   0       
   0       
   0       
   0       
   0       
   0       
   0       
   0       
   0       
   0       
   0       
   0       
   0       
   0       
   0       
   0       
   0       
   0       
   0       
   0       

CACC
   0         0         0        -0        -0         9.8     
  -71        4.5e+02   11       -3.8      -0.24     -12      
  -71       -85        11       -20       -0.24      0.052   
   3.9      -85        21       -19       -4.5      -8.7     
   7.2      -85       -2.5      -21       -4.7      -9.1     
   7.2       64       -2.5       33       -4.7      -14      
   7.2      -1.7e+02  -2.6      -1.3e+02  -4.7      -4.4     
   0.53     -1.7e+02  -2.5      -1.3e+02  -0.1      -3.6     
  -71       -73        11       -19       -0.24     -0.24    
   3.9      -73        21       -21       -4.5       8.5     
   6.8      -73        0.6      -18       -4.7       8.8     
   6.8       33        0.57      21       -4.7       5.1     
   6.8      -27        0.59     -19       -4.7       7.6     
   0.38     -27        0.61     -19       -0.27      6.8     
  -71        4.5e+02   6.2      -3.8      -0.34     -12      
   22        4.5e+02   2.1      -3.8       9.6      -12      
   22       -1.2e+02   2         69        9.6      -0.74    
   32        4.7e+02   1.7e+02  -1.3e+02   14       -3       
   1.1e+03   4.7e+02   1e+02    -1.4e+02   4e+02    -1.5e+02 
   9.4e+02   4.7e+02  -2.4e+03  -5.1e+02   3.3e+02  -1.3e+02 
   8.8e+02  -1.6e+03  -2.4e+03  -1.3e+02   3.2e+02  -1.2e+02 
   6.2e+03  -1.8e+03  -2.9e+03  -1.8e+02   1.2e+03  -9.1e+02 
   6.3e+03   1.8e+03  -3.1e+03  -7.6e+02   1.3e+03  -4.3e+02 
   7.3e+03   2.1e+03   2.2e+03  -50        4.4e+02  -5.3e+02 
   11        4.7e+02  -1.7e+02  -1.3e+02   5.5      -3       
  -1.1e+03   4.7e+02  -96       -1.4e+02  -4e+02    -1.6e+02 
  -9.5e+02   4.7e+02   2.4e+03  -5.1e+02  -3.4e+02  -1.4e+02 
  -9e+02    -1.6e+03   2.4e+03  -1.4e+02  -3.3e+02  -1.3e+02 
  -6.2e+03  -1.7e+03   2.9e+03  -1.9e+02  -1.2e+03  -9.2e+02 
  -6.3e+03   1.5e+03   3.1e+03  -7.2e+02  -1.3e+03  -4.8e+02 
  -7.3e+03   1.8e+03  -2.2e+03  -8.5      -4.4e+02  -5.8e+02 

CFRC_INT
  -1.1e-13  -4.4e-14  -1.7e-13   4.4e-13   1.9e-13  -5.7e-14 
  -1.1e-13  -4.4e-14  -1.7e-13   4.4e-13   1.9e-13  -5.7e-14 
  -16       -2.8       2        -15       -15       -1.2e+02 
  -14       -3.7      -0.62      7.1      -9.5      -1.1e+02 
  -12       -5.5      -2.1       20       -4        -1e+02   
  -9.5      -0.13     -0.82      7.3      -0.26     -83      
  -5.9       2.2      -0.24      2.4       1.8      -61      
  -5.8       1.7      -0.34      3.2       1.8      -61      
   22       -4.7      -1.7      -18       -16       -2e+02   
   23       -5.8       0.27      1        -10       -2.1e+02 
   26       -7.1       1.7       13       -4.8      -2.3e+02 
   28       -3.2       0.55      2.1      -0.74     -2.4e+02 
   31        0.28     -0.61     -6.5       1.9      -2.5e+02 
   31        0.17     -0.59     -6.3       1.9      -2.5e+02 
  -4.8       3.5      -0.39      52        34        3.4e+02 
  -4.7       2.6      -0.38      43        33        3.4e+02 
  -4.6       2.3      -0.37      41        33        3.4e+02 
   5.6      -37        3.9      -1.3e+02   94        1.9e+02 
   5.8      -42        5.5      -1.4e+02   92        1.8e+02 
   17       -40        4.3      -1.3e+02   47        1.8e+02 
   39       -30       -2.4      -76       -76        1.7e+02 
   31       -21       -6        -52       -91        1e+02   
   27       -18       -5.4      -48       -83        86      
   0.95     -1.1       5.6      -22        3        -0.64    
  -4.3      -38       -3.9      -1.3e+02  -89        1.7e+02 
  -4.2      -42       -5.5      -1.4e+02  -90        1.7e+02 
  -16       -40       -4.4      -1.3e+02  -47        1.7e+02 
  -38       -30        2.3      -76        76        1.6e+02 
  -31       -21        6        -51        91        1e+02   
  -27       -19        5.4      -48        83        86      
  -1.5      -2.3      -5.5      -21       -3.3       3.7     

CFRC_EXT
   0         0         0         0         0         0       
   0         0         0         0         0         0       
   0         0         0         0         0         0       
   0         0         0         0         0         0       
   0         0         0         0         0         0       
   0         0         0         0         0         0       
   0         0         0         0         0         0       
   5.5      -0.8       0.55     -5.1      -1.6       57      
   0         0         0         0         0         0       
   0         0         0         0         0         0       
   0         0         0         0         0         0       
   0         0         0         0         0         0       
   0         0         0         0         0         0       
  -31        0.13      0.54      5.9      -1.9       2.5e+02 
   0         0         0         0         0         0       
   0         0         0         0         0         0       
   0         0         0         0         0         0       
   0         0         0         0         0         0       
   0         0         0         0         0         0       
   0         0         0         0         0         0       
   0         0         0         0         0         0       
   0         0         0         0         0         0       
   0         0         0         0         0         0       
   0         0         0         0         0         0       
   0         0         0         0         0         0       
   0         0         0         0         0         0       
   0         0         0         0         0         0       
   0         0         0         0         0         0       
   0         0         0         0         0         0       
   0         0         0         0         0         0       
   0         0         0         0         0         0       

TREE_ISLAND
  0

ISLAND_NTREE
  1

ISLAND_ITREEADR
  0

MAP_ITREE2TREE
  0

DOF_ISLAND            0 0 0 0 0 0 0 0 0 0 0 0 0 0 0 0 0 0 0 0 0 0 0 0 0 0 0 0 0 0 0 0 0 0 0

ISLAND_NV             35

ISLAND_IDOFADR        0

MAP_IDOF2DOF          0 1 2 3 4 5 6 7 8 9 10 11 12 13 14 15 16 17 18 19 20 21 22 23 24 25 26 27 28 29 30 31 32 33 34

EFC_ISLAND            0 0 0 0 0 0 0 0 0 0 0 0 0 0 0 0 0 0 0 0 0 0 0 0 0 0 0 0 0 0 0 0 0 0 0 0 0 0 0 0 0 0 0 0 0 0 0 0 0 0 0 0 0

ISLAND_NEFC           53

ISLAND_IEFCADR        0

MAP_IEFC2EFC          0 1 2 3 4 5 6 7 8 9 10 11 12 13 14 15 16 17 18 19 20 21 22 23 24 25 26 27 28 29 30 31 32 33 34 35 36 37 38 39 40 41 42 43 44 45 46 47 48 49 50 51 52

